Unnamed: 0,Movie,Year,Certificate,Genre,Overview,Runtime,Rating,No.of.Ratings,tmdb_id,tmdb_title,language
503,Anaganaga O Dheerudu,2011.0,PG-13,"Action, Adventure, Family            ","    In a teardrop-shaped land called Sangarashtra, a 9-year-old girl with special healing powers tries to save her homeland from the tyranny of an evil queen with the help of a blind swordsman.",133,5.1,478,72440,Once Upon a Warrior,Telugu
1210,Madatha Kaaja,2011.0,UA,Comedy            ,    A comic account of a police informer who comes across two dangerous criminal dons whom he wishes to bring to justice.,141,5.4,67,85952,Madatha Kaaja,Telugu
102,Panjaa,2011.0,A,"Action, Thriller            ",    A hitman invites the wrath of his boss after beating the latter's son to death for killing an innocent woman.,156,6.5,3479,200339,Veedu Theda,Telugu
420,Kandireega,2011.0,,"Action, Comedy, Romance            ",    Seenu (Ram) is a street-smart guy who shifts to Hyderabad from Anakapally to complete his degree in a college. He falls in love with Sruthi (Hansika Motwani) who also attends the same ...                See full summary »,130,6.2,638,86712,Kandireega,Telugu
116,Oosaravelli,2011.0,UA,"Action, Thriller            ","    A youngster, who does anything for money, avenges on those who killed the family of Niharika.",145,6.6,3122,80281,Oosaravelli,Telugu
125,Mr Perfect,2011.0,U,"Drama, Romance            ","    Vicky (Prabhas), an expert in gaming software, lives in Australia and never compromises in his life, a principle he adheres to since his childhood. He believes that one should be oneself in...                See full summary »",144,7.1,2917,63376,Mr. Perfect,Telugu
141,Pilla Zamindar,2011.0,U,"Comedy, Drama            ",    PJ has to go through a rough journey of living like a common man and graduating from a village-based college to inherit his grandfather's wealth.,148,7.7,2494,85818,Pilla Zamindar,Telugu
142,100% Love,2011.0,U,"Comedy, Drama, Romance            ","    When his cousin Mahalakshmi comes to stay, Balu is challenged to an extent rare in his charmed life. Will Balu let himself be seduced by Mahalakshmi's bubbly spirit and sharp brain, or will his ego prove an insurmountable barrier?",141,7.0,2493,63378,100% Love,Telugu
148,Ala Modalaindi,2011.0,,"Comedy, Drama, Romance            ","    On the day of his girlfriend's marriage, Gautam gets kidnapped by an unknown criminal. Bored on the way to the kidnapper's den, Gautam is forced to narrate his cute love story which is filled with loads of twists and turns.",136,7.7,2394,57010,Ala Modalaindi,Telugu
352,Vastadu Naa Raju,2011.0,,"Action, Romance            ","    Narasimha (Prakashraj) is a local goon, who resorts to murders and extortion at the behest of Home Minister Adikesavulu (Sayaji Shinde). Narasimha""s life ambition is to become an MLA and ...                See full summary »",135,5.8,823,79820,Vastadu Naa Raju,Telugu
974,Nuvvila,2011.0,U,"Comedy, Drama, Romance            ",    Three boys who work at a pizza store are thrown into three different stories when one boy had to cover for another boy and make a delivery.,139,6.8,110,82201,Nuvvila,Telugu
339,Gaganam,2011.0,U,"Action, Crime, Thriller            ",    It is up to Ravi (Nagarjuna) who has to rescue a flight from Chennnai to Delhi which is hijacked by Yousuf Khan 's men.,120,7.1,869,59900,Gaganam,Telugu
785,Mogudu,2011.0,UA,Drama            ,"    A couple truly in love get married. On the day of marriage just after the ritual due to a stupid reason an argument sparks, egoes crash which turns into violence. The couple separates. How they finally unite is rest of the movie.",159,3.8,202,81080,Mogudu,Telugu
209,Badrinath,2011.0,A,Action            ,    A skilled warrior and the protector of Badrinath temple finds his loyalties divided while trying to revive an agnostic's faith in God.,140,4.3,1640,77715,Badrinath,Telugu
952,Aha Naa Pellanta,2011.0,UA,Comedy            ,"    Subramaniam aka Subbu (Naresh) is an honest, intelligent, kind and hardworking IT professional. However, one night at a party organized by his boss Balaraju (Brahmi) changes his life.",142,5.4,116,67902,Aha Naa Pellanta,Telugu
940,Prema Kavali,2011.0,,Romance            ,"    A story about Sreenu, an NCC cadet who loves Prema in his college, and his heroic efforts to gain his love",166,5.8,121,99354,Prema Kavali,Telugu
335,Sri Rama Rajyam,2011.0,,"Drama, Fantasy            ","    Lord Rama's life is one of perfect adherence to dharma (righteousness) despite harsh tests of life and time. Sri Rama Rajyam movie explains how poet Valmiki, the author of the epic Ramayana...                See full summary »",172,6.7,885,94987,Sri Rama Rajyam,Telugu
326,Sakthi,2011.0,A,"Action, Fantasy            ","    While on a trip, a guide starts protecting the central minister's daughter from some Egyptians who want her and a holy diamond in their custody.",161,3.5,909,63372,Shakti,Telugu
321,Mirapakai,2011.0,UA,"Action, Comedy, Drama            ","    Rishi sends to Hyderabad and join in a college as a Hindi lecturer as a part of an undercover operation. He fall in love with her student Vinamra. Rishi has to extract information about Kittu from Vaishali, another student.",160,6.3,916,57736,Mirapakay,Telugu
235,Teen Maar,2011.0,,"Comedy, Drama, Romance            ",    A man reconsiders his ideas about love in the modern world after he hears a love story from 40 years ago.,149,5.6,1476,63377,Teen Maar,Telugu
802,Katha Screenplay Darsakatvam: Appalaraju,2011.0,,Comedy            ,    An aspiring director gets his chance to direct his dream project only to get his project changed by the film crew from an emotional drama to a comedy one.,0,5.0,190,82901,Katha Screenplay Darsakatvam Appalaraju,Telugu
499,Dhada,2011.0,UA,"Action, Comedy            ",    An Indian engineering student in the U.S. gets in trouble with local gangsters and must resolve his problems to return to his lady-love in India.,147,3.7,483,79819,Dhada,Telugu
820,Dongala Mutha,2011.0,U,"Action, Crime, Thriller            ",    3 people try to escape from the captivity of a group of kidnappers.,90,3.7,173,137249,Dongala Mutha,Telugu
299,Oh My Friend,2011.0,,Romance            ,    Age-old analysis on 'can a man and a woman be friends?',130,6.6,1015,86717,Oh My Friend,Telugu
647,Golkonda High School,2011.0,,"Drama, Family            ",    A school in financial trouble hires an ex-student with a chequered past to regain the glory of its once famous cricket program,130,6.8,294,67677,Golconda High School,Telugu
1259,It's My Love Story,2011.0,,Romance            ,    It's My Love Story is the story of Arjun (Aravind Krishna) and Vandana (Nikhita Narayan) who meet in an unexpected way and are forced to live together. Both of them fall in love but when ...                See full summary »,0,5.9,61,117655,It's My Love Story,Telugu
842,Seema Tapakai,2011.0,,Comedy            ,"    Sri, the son of a wealthy businessman falls for Satya, a girl who despises rich people. To impress her, Sri pretends to be poor and ropes in his family to do the same for him.",128,6.1,163,69925,Seema Tapakai,Telugu
552,Veera,2011.0,UA,"Action, Comedy, Drama            ",    A man wants to avenge his family's death which has been mass murdered by a bad guy.,156,3.8,399,69924,Veera,Telugu
527,Rajanna,2011.0,,"Action, Drama, History            ","    In Nelakondapalli village, Adilabad district, Mallamma (Annie) is a girl who is a very talented singer. She is taken care of by an elderly man in her village. On one occasion, the elderly ...                See full summary »",132,6.5,429,200297,Rajanna,Telugu
547,Parama Veera Chakra,2011.0,UA,"Action, Drama            ",    A famous actor is asked to play the role of his lookalike army major and eventually battle his enemies.,160,2.0,402,69927,Parama Veera Chakra,Telugu
1392,Money Money More Money,2011.0,,Comedy            ,"    Four friends Chakry, Abbas, Raghu, Gogi (JD, Mukul Dev, Brahmaji, Kavin Dev) are going through financial crisis and run out of jobs. They finally decide to do a kidnapping and target Maggie...                See full synopsis »",0,4.3,49,137364,Money Money More Money,Telugu
15,Dookudu,2011.0,UA,"Action, Comedy            ","    Ajay, (Mahesh Babu) an undercover cop, is assigned to catch a dangerous mafia don with whom he has a personal score to settle.",170,7.4,12295,80276,Dookudu,Telugu
1380,Raaj,2011.0,UA,"Drama, Romance            ",    Raaj reluctantly marries Mythili after the woman that he actually loves mysteriously disappears from his life.,155,4.6,50,67676,Raaj,Telugu
533,Nenu Naa Rakshasi,2011.0,,"Action, Drama            ",    The journey of a girl who is interested in suicides and a boy who is interested in her.,140,5.0,423,82909,Nenu Naa Rakshasi,Telugu
1305,Jai Bolo Telangana,2011.0,,History            ,,0,6.7,57,308202,Jai Bolo Telangana,Telugu
6,Eega,2012.0,UA,"Action, Fantasy            ",    A murdered man is reincarnated as a housefly and seeks to avenge his death.,145,7.7,20636,148265,Eega,Telugu
1005,Yamudiki Mogudu,2012.0,,"Comedy, Fantasy            ","    Naresh, who was born as a result of tangle between Lord Brahma and Goddess Saraswathi, has some godly powers. After some incidents he marries daughter of Lord Yama, and the rest of the story is about how Naresh saves his family and love.",0,4.8,102,196801,Yamudiki Mogudu,Telugu
157,Rachcha,2012.0,UA,Action            ,    A betting teenager involves in a larger bet than he imagined.,143,4.3,2336,120956,Rachcha,Telugu
801,Srimannarayana,2012.0,,Drama            ,"    A journalist fights crime, while getting revenge for his father's death.",135,4.1,190,155719,Srimannarayana,Telugu
742,Shirdi Sai,2012.0,U,"Biography, Drama, Musical            ",    Biopic of shirdi sai baba.,145,6.7,230,138078,Shirdi Sai,Telugu
456,Daruvu,2012.0,UA,"Action, Comedy, Fantasy            ",    In Yamalokam retirement age comes from Senior Yama and he gives charge to his Son. However experienced Chitragupta is retained much to his disappointment. He decides to teach a lesson to ...                See full summary »,159,5.0,565,152875,Daruvu,Telugu
1032,Ayyare,2012.0,,"Drama, Family            ",    Venkatesam (Shivaji) is a mechanic who runs his own garage. He is a carefree and fun loving guy who loves to enjoy life. He comes across Anjali (Anisha Singh) and it is love at first sight ...                See full summary »,129,6.9,95,104728,Ayyare,Telugu
364,Yeto Vellipoyindhi Manasu,2012.0,,"Drama, Romance            ",    The ups and downs of a romance between Varun and Nithya from childhood to adolescence.,153,7.3,790,149262,Yeto Vellipoyindhi Manasu,Telugu
969,Nuvva Nena,2012.0,UA,Comedy            ,"    Avinash, a small-time crook, falls in love with Dr. Nandini, and Anand, a patient, also has feelings for her. Later, Avinash and Anand discover that Dr. Nandini is already in love with someone else.",127,4.6,111,137462,Nuvva Nena,Telugu
762,Routine Love Story,2012.0,,"Comedy, Romance            ",    Sanju (Sundeep Kishan) is a college going student who falls for a girl Tanvi (Regina Cassandra) at first sight. They get along over a period of time but unsure of the advancing in their ...                See full summary »,124,6.0,216,166460,Routine Love Story,Telugu
198,Dhammu,2012.0,A,"Action, Drama            ",    An orphan gets adopted by a rich and powerful family looking for a heir. But the family has a dark violent past due to dispute with a rival family. What will he do when the fate of his village depends on him?,155,5.2,1794,113728,Dhammu,Telugu
470,Devudu Chesina Manushulu,2012.0,,"Action, Comedy, Fantasy            ","    The gods get involved in mortal struggles, turning back time to rewrite small histories and spread happiness to mortals and immortals alike.",124,3.6,524,199544,Devudu Chesina Manushulu,Telugu
216,Ishq,2012.0,,"Comedy, Romance            ",    Priya falls in love with rahul during a delayed flight journey but realizes that he and her brother share a past,160,7.3,1566,94372,Ishq,Telugu
935,Naa Ishtam,2012.0,,Drama            ,    Gani (Rana) is a Telugu youth who lives and works in Malaysia and he is an extremely selfish person. He always thinks about himself and his benefits first. Into his routine life comes ...                See full summary »,0,3.5,122,155731,Naa Ishtam,Telugu
490,Andala Rakshasi,2012.0,UA,Romance            ,"    Goutham deeply loves Mithuna, but will not acknowledge it to her. Meanwhile, Mithuna falls in love with Surya. Later, a sudden incident changes the lives of the trio.",139,7.2,494,154337,Andala Rakshasi,Telugu
919,All the Best,2012.0,UA,Drama            ,,0,5.5,128,226292,All the Best,Telugu
319,Uu Kodathara Ulikki Padathara,2012.0,,"Action, Drama, Fantasy            ","    With the help of a young man, a ghost get its revenge for its death.",0,4.9,933,250649,Uu Kodathara Ulikki Padathara,Telugu
1366,Neeku Naaku Dash Dash,2012.0,,Thriller            ,,165,6.4,51,459051,Neeku Naaku Dash Dash,Telugu
910,Ee Rojullo,2012.0,U,"Comedy, Romance            ",    Srinivas is a gullible lover who gets used by girlfriends for his money. Shreya is fed up with guys who wants to take their friendship to next level in order to have a physical relationship...                See full summary »,129,5.6,130,199547,Ee Rojullo,Telugu
898,Poola Rangadu,2012.0,,Comedy            ,    An educated and ingenious young man from the city seeks to recoup his struggling family's fortunes through a rural real estate deal that proves to have potentially deadly -- and VERY funny ...                See full summary »,0,5.7,135,91833,Poola Rangadu,Telugu
782,Minugurulu,2012.0,,"Drama, Family            ","    Raju a 13 year old child passionate about films who always wanted to be a filmmaker become blind in an accident. Drunkard and irresponsible father puts Raju in a blind orphanage,claiming ...                See full summary »",109,7.5,204,253560,Minugurulu,Telugu
136,Cameraman Gangatho Rambabu,2012.0,,"Action, Drama            ",    A fast-paced socially relevant political drama that revolves around the struggles of an ordinary citizen against crime and political corruption.,148,5.7,2582,138667,Cameraman Ganga Tho Rambabu,Telugu
457,Damarukam,2012.0,UA,"Action, Drama, Fantasy            ",    A demon born from darkness plans to take over the world by marrying a girl with ominous horoscope.,157,5.3,565,145335,Damarukam,Telugu
411,Life Is Beautiful,2012.0,U,"Drama, Romance            ","    It is a coming of age story of six youngsters, set in the beautiful nostalgic world of a working-middle class neighborhood. The film tracks their journey through the different seasons, ...                See full summary »",167,6.4,671,155730,Life Is Beautiful,Telugu
579,Sarocharu,2012.0,U,"Drama, Romance            ","    Sandhyaa Arun(Kajal Aggarwal) is a student who is madly in love with Karthik (Ravi Teja), a techie based in Italy. She decides to travel with him to India, confident that the travel time ...                See full summary »",137,4.7,358,199994,Sarocharu,Telugu
58,Gabbar Singh,2012.0,UA,"Action, Comedy            ","    Venkatarathnam Naidu (Pawan Kalyan), son of Suhasini and step son of Nagineedu calls himself as Gabbar Singh after liking the character from Sholay. He turns as a cop and gets posted to his...                See full summary »",153,7.1,5550,111836,Gabbar Singh,Telugu
266,Dhenikaina Ready,2012.0,,"Action, Comedy            ",    A muslim man enter's his uncle's house in disguise to reunite his mother with her brother.,125,6.1,1201,171384,Dhenikaina Ready,Telugu
402,Krishnam Vande Jagadgurum,2012.0,UA,Action            ,"    In order to fulfill his promise to his grandfather, a man acts in a play in his native village, where he stumbles upon the truth about the death of his parents.",136,6.9,699,146819,Krishnam Vande Jagadgurum,Telugu
635,Nippu,2012.0,,"Action, Comedy, Drama            ",    The story begins with Surya (Ravi Teja) who owns a gym center and he also has a good friend Sriram (Srikanth). Surya is in love with his friend's sister Meghna (Deeksha Seth) and after some...                See full summary »,159,3.8,303,104069,Nippu,Telugu
1239,Ko antey koti,2012.0,,"Comedy, Crime, Romance            ",,0,6.2,64,414231,Ko Antey Koti,Telugu
82,Julayi,2012.0,UA,"Action, Comedy            ",    A happy-go-lucky man with wit and an instinct to kill teams up with a timid cop after being pursued by the criminal whose plans to rob a bank he foiled.,160,7.2,4329,125835,Julayi,Telugu
415,Endukante... Premanta,2012.0,U,"Comedy, Fantasy, Romance            ","    Unfortunate lovers of past meet in this life. But the meeting encounters escape from Paris, from terrorists and struggle to bring back the love to life. What ensues is a series of comedy ...                See full summary »",154,6.1,655,153860,Endukante Premanta,Telugu
705,Adhinayakudu,2012.0,,"Action, Drama            ",    A Grandson from a political family struggles to level up with his father and grandfather. Balakrishna plays all three roles in this film.,0,3.6,250,168119,Adhinayakudu,Telugu
721,Mithunam,2012.0,U,"Drama, Family            ","    Wedded together for fifty years, knowing each other inside out, Appadaasu and Buchchi Laxmi fill their retired days with raw quarrels and ripe loves. Emotional entanglements enslave them to...                See full summary »",120,7.7,240,207920,Mithunam,Telugu
827,Avunu,2012.0,,"Horror, Thriller            ","    The spirit of a serial rapist who's body is chopped into tiny pieces, mixed into concrete that's used to build a house, haunts it and terrorises the newly weds who move in there.",115,6.5,169,176104,Avunu,Telugu
691,Sudigaadu,2012.0,UA,"Action, Comedy            ","    Join Shiva, a larger than life hero on a madcap journey to find his kidnapped parents and to capture a notorious criminal.",140,5.7,260,155738,Sudigaadu,Telugu
291,Swamy Ra Ra,2013.0,UA,Crime            ,    A small time crook faces a big time challenge: he must fight to retrieve a priceless article and win the heart of his love.,120,7.3,1057,181884,Swamy Ra Ra,Telugu
586,Greeku Veerudu,2013.0,,Drama            ,    An overconfident businessman's journey of realizing the importance of family and turning from a stud to falling in love...,155,4.6,349,181930,Greeku Veerudu,Telugu
94,Mirchi,2013.0,A,"Action, Drama            ","    A man returns to his country in order, ostensibly, to reform his girlfriend's violent family, but he seems to have a strange connection and a rather dark past.",155,7.2,3708,176590,Mirchi,Telugu
70,Seethamma Vakitlo Sirimalle Chettu,2013.0,U,"Comedy, Drama, Family            ","    An exuberant and evocative family drama, that primarily revolves around the close bond between two brothers with radically different personalities, highlighting the complex process of choosing an ideal life partner for each of them.",159,7.5,5075,193197,Seethamma Vakitlo Sirimalle Chettu,Telugu
1246,Prema Ishq Kaadhal,2013.0,UA,Drama            ,"    Three youngsters are out in life with no intent of the future, until they meet three lovely ladies. What happens next, changes their perspective of life.",140,6.8,63,253579,Prema ishq kaadhal,Telugu
646,Venkatadri Express,2013.0,U,"Adventure, Comedy            ",    A simple train journey to Tirupathi goes horribly awry for Sundeep (Sundeep) and Prarthana (Rakul) after they miss boarding the Venkatadri Express.,127,6.9,294,242301,Venkatadri Express,Telugu
1228,Okkadine,2013.0,,"Action, Romance            ",    Shailaja comes in contact with a happy family when she visits her friend's village. Things take turn when she learns that they all died two years back.,133,5.6,65,307779,Okkadine,Telugu
1313,Aadu Magaadra Bujji,2013.0,,"Action, Comedy, Romance            ","    Siddhu, a naughty easy going guy falls in love with Indu. But Indu is the sister of Cherry who keeps on protecting his sister from others' eyes. But on the other hand Cherry he loves Anjali...                See full summary »",141,5.9,56,381681,Aadu Magaadra Bujji,Telugu
915,Naa Bangaaru Talli,2013.0,A,"Crime, Drama, Family            ","    Naa Bangaaru Talli explores the consequences of sex trafficking, testing the vulnerability of trust in human relations.",126,7.2,129,395061,Naa Bangaaru Talli,Telugu
916,Anthaka Mundu Aa Tarvatha,2013.0,,"Drama, Romance            ",    A tale Love and romance between two people which leads to live in relationships .,151,6.6,129,217225,Anthaka Mundu Aa Tarvatha,Telugu
85,Baadshah,2013.0,UA,"Action, Comedy            ","    Fast-paced and fiery, this action-oriented revenge thriller follows the transformation of a young man, from an IPS aspirant into fearless Baadshah, an avenging angel wreaking vengeance upon the mafia kingpin, Saadu Bhai.",164,6.4,3898,181882,Baadshah,Telugu
327,Uyyala Jampala,2013.0,U,"Drama, Family, Romance            ","    A romantic entertainer between a ""bava"" and a ""maradalu"" set in a contemporary coastal town.",124,7.2,904,247501,Uyyala Jampala,Telugu
845,Bhai,2013.0,UA,"Action, Comedy, Thriller            ",    A hitman turns against his boss in order to save his brother.,153,3.2,160,241123,Bhai,Telugu
130,Naayak,2013.0,A,Action            ,    A young man and his lookalike team up to fight injustice and settle their personal scores with the evildoers.,153,5.5,2749,182954,Naayak,Telugu
1153,Om 3D,2013.0,UA,"Action, Thriller            ","    Arjun shares a deep bond with his father Harishchandra, an influential man with many enemies. As Arjun sets out to thwart the plans of the enemies to kill his father, he learns a shocking truth.",107,5.5,76,410275,Om 3D,Telugu
1304,Jaffa,2013.0,,Comedy            ,"    Jasmine Phalguna aka Jaffa is a software engineer who is convicted on charges of murder. He becomes the go to guy in jail, and even the jailer becomes an ardent follower. But Jaffa wants to run away.",160,4.8,57,180945,Jaffa,Telugu
260,Doosukeltha,2013.0,,"Action, Comedy            ",    Venkateswara Rao (Vishnu Manchu) and Alekhya (Lavanya Tripathi) met each other when they were children. But for Venkateswara's mischief Alekhya and her mother had to leave their entire ...                See full summary »,161,6.7,1238,241120,Doosukeltha,Telugu
151,Iddarammayilatho,2013.0,UA,"Action, Thriller            ","    A young woman becomes embroiled in a financial and political conspiracy while studying in Spain, as she meets a young musician with a somewhat dark past unfolded through the pages of his lover's diary.",137,5.7,2376,197999,Iddarammayilatho,Telugu
375,Prema Katha Chitram,2013.0,,"Drama, Horror            ",    Three friends and a stranger go to a house and plan to commit suicide. But later they realize the house is haunted,130,7.1,766,200402,Prema Katha Chitram,Telugu
680,Ongole Githa,2013.0,A,"Action, Comedy            ",    White(Ram) enters the Chilli market yard in Ongole at the age of 12. Adikeshava (Prakash Raj) is the chairman of that Chilli yard. White comes to know of Adikeshava's real character and ...                See full summary »,160,5.1,268,200013,Ongole Githa,Telugu
1121,D for Dopidi,2013.0,,"Comedy, Crime            ",,0,5.8,81,253540,D for Dopidi,Telugu
770,Gundello Godari,2013.0,,"Adventure, Drama, Romance            ","    Gundello Godari is about a newlywed couple who are forced to battle it out against a devastating flood of the River Godavari. They lose all hope of survival, so they decide to narrate the ...                See full summary »",108,4.8,213,174877,Gundello Godari,Telugu
300,Balupu,2013.0,UA,"Action, Comedy            ",    Ravi (Ravi Teja) works as a collection agent of ICICI in Bangalore and leads a happy life along with his friends and his father Mohan Rao (Prakash Raj) who wishes to see Ravi married to a ...                See full summary »,145,6.0,1014,204275,Balupu,Telugu
1055,Kevvu Keka,2013.0,,Comedy            ,"    A girl lies to her father that her boyfriend, a salesman, is rich. But he breaks the alliance on learning the truth. She then challenges him that her boyfriend will become a millionaire in ...                See full summary »",125,5.4,91,225547,Kevvu Keka,Telugu
355,Sahasam,2013.0,UA,"Action, Adventure            ","    Gautham Varma, an A.T.M security guard, goes on a treasure hunt for the diamonds hidden by his grandfather in the Hinglaj temple during the time of the India - Pakistan partition.",150,6.6,817,208417,Sahasam,Telugu
40,Atharintiki Daaredi,2013.0,U,"Comedy, Drama            ",    The scion of a powerful family is tasked with retrieving an estranged family member.,170,7.2,8081,224061,Atharintiki Daaredi,Telugu
1204,Adda,2013.0,,Drama            ,    This story is about a marriage commission agent who fixes and makes arrangements for rejection of marriage according to client. This boy starts loving her client who came to make arrangements for her sister's marriage rejection.,0,6.0,68,410305,Adda,Telugu
351,Potugadu,2013.0,A,"Comedy, Drama            ","    Govinda Naama Sastry (Manoj Manchu) is a young man who decides to commit suicide. He goes to a lonely spot and decides to have one last drink. At about the same time, Venkata Rathnam (...                See full synopsis »",125,5.7,826,240823,Potugadu,Telugu
861,Jabardasth,2013.0,UA,Comedy            ,"    A carefree young man befriends a feisty girl, becomes her business partner, but when she falls in love with him, things get complicated and they separate. What will happen when another girl...                See full summary »",153,3.9,154,168246,Jabardasth,Telugu
532,Tadakha,2013.0,UA,Action            ,    Siva (Sunil) and Karthik (Naga Chaitanya) are brothers. Elder brother Siva is a timid and shy. He fears for everything. Karthik is a dynamic guy who is very protective of his elder brother....                See full summary »,147,5.5,424,204395,Tadakha,Telugu
766,Masala,2013.0,,"Action, Comedy            ",    Balaram (Venkatesh) is a good hearted strongman of the village of Bheemarajapuram. He treats everyone with fairness and takes care of their needs. But there is one thing that Balaram cannot...                See full summary »,160,5.3,215,264023,Masala,Telugu
244,Gunde Jaari Gallanthayyinde,2013.0,,"Comedy, Drama, Romance            ","    Nitin saw a girl and fell for her.After searching for her he gets her number from a friend. He contacts her and they both fall in love, but little does he know that he was talking to ...                See full summary »",150,7.1,1373,181929,Gunde Jaari Gallanthayyinde,Telugu
308,Current Theega,2014.0,A,"Action, Comedy, Romance            ",    Current Theega is a Telugu Action Comedy Romance directed by G. Nageswara Reddy. The village headman Sivarama Raju (Jagapathi Babu) has three daughters and the youngest one is Kavitha. Raju...                See full summary »,128,5.6,978,331939,Current Theega,Telugu
443,Heart Attack,2014.0,A,"Action, Romance            ",    A commitment phobic hippie falls in love with a woman and chases her much to get dismay and aims to get what he needs.,142,5.3,586,253513,Heart Attack,Telugu
595,Chinnadana Nee Kosam,2014.0,,"Drama, Romance            ","    A typical man with a good heart finds love after sighting a beautiful woman. Upon her request to get her a home by asking an old man (an old man that saw the hero saving a woman), he makes ...                See full summary »",155,5.3,334,308034,Chinnadana Nee Kosam,Telugu
741,Rowdy Fellow,2014.0,,"Action, Romance            ","    An egoistic wealthy man becomes a cop to settle a score, but gets into a feud with a local politician.",150,6.7,231,301668,Rowdy Fellow,Telugu
739,Chandamama Kathalu,2014.0,,Drama            ,    Intertwining stories of people belonging to a cross section of society.,134,7.2,232,264306,Chandamama Kathalu,Telugu
693,Geethanjali,2014.0,A,"Comedy, Horror            ",    Filmmakers are haunted by a woman who committed suicide.,135,6.3,259,310584,Geethanjali,Telugu
575,Mukunda,2014.0,UA,Family            ,"    Mukunda, a careless youngster, makes it a part of his daily routine to fight for his friend Arjun who often gets into trouble. One day, he gets into a fight with the chief of his village and competes in elections against him.",142,5.7,367,315170,Mukunda,Telugu
670,Pilla Nuvvu Leni Jeevitham,2014.0,A,"Action, Drama, Romance            ",    Seenu(Sai Dharam Tej) falls in love with Shailu(Regina) and proposes to her but gets rejected every time.Twist in the tale arises when Seenu comes to know that Shailu is in danger posed by ...                See full summary »,160,6.0,276,303732,Pilla Nuvvu Leni Jeevitham,Telugu
409,Loukyam,2014.0,UA,"Action, Comedy            ",    Venky tries to right his wrongs by involving his family and also convince the girls side without getting messed up in between.,150,6.4,672,295587,Loukyam,Telugu
588,Autonagar Surya,2014.0,A,"Action, Crime, Drama            ","    Surya, a juvenile offender, completes his education in prison and upon release embarks on his dream project. However, he has to overcome numerous obstacles to turn his dream into a reality.",157,5.6,345,253584,Autonagar Surya,Telugu
598,Prathinidhi,2014.0,,"Drama, Thriller            ","    A mysterious figure, who calls himself as 'The Common Man', kidnaps the Chief Minister of the state and threatens to murder him unless his demands are met.",150,7.4,331,269677,Prathinidhi,Telugu
596,Hrudaya Kaleyam,2014.0,U,Comedy            ,    A comedy about a petty electronics thief.,114,5.7,334,321162,Hrudaya Kaleyam,Telugu
560,Alludu Seenu,2014.0,A,"Action, Comedy            ","    In this quest for sanctuary, love, and identity, a man and his uncle arrive in Hyderabad, where they capitalize on the uncle's resemblance to a local don.",151,4.3,386,315934,Alludu Seenu,Telugu
380,Oka Laila Kosam,2014.0,UA,"Comedy, Romance            ",    After his post-graduate studies Karthik takes a holiday in Europe. On his return journey he falls in love at first sight with Nandana.The rest of the movie deals with the extent to which he will go to win her heart.,150,6.1,749,298536,Oka Laila Kosam,Telugu
883,Ra Ra Krishnayya,2014.0,,Romance            ,"    Kittu alias Krishna Sundeep Kishan is a cab driver who saves his money with the cab owner Tanikella Bharani. When the owner refuses to return his money back, Kittu kidnaps owners daughter ...                See full summary »",138,5.3,142,304791,Ra Ra Krishnayya,Telugu
963,Kotha Janta,2014.0,,"Comedy, Drama            ","    Kotha Janta is romance drama, which is about what happens when a young selfish TV anchor falls in love with a girl. Besides direction, Maruthi has also written story, screenplay and ...                See full summary »",146,4.7,113,227057,Kotha Janta,Telugu
1199,Lovers,2014.0,,Romance            ,"    All efforts to get a partner in life by Siddhu (Sumanth Ashwin) are thwarted by Chitra (Nanditha), who he has never seen. Siddhu falls in love with a girl, who he does not realize is the ...                See full summary »",130,6.6,69,297674,Lovers,Telugu
109,Drushyam,2014.0,U,"Crime, Drama, Family            ","    Rambabu (Venkatesh Daggubati), a cable operator, tries to protect his family from paying the price for their accidental crime.",150,8.3,3344,279450,Drushyam,Telugu
106,Aagadu,2014.0,UA,"Action, Comedy            ",    An encounter specialist is transferred as CI to a village which is ruled by a local gangster,165,5.4,3410,294413,Aagadu,Telugu
1131,Brother of Bommali,2014.0,,"Action, Drama            ","    Naresh And Karthika Are Brothers And Sisters Karthika Is A Great Fighter Too,She Fight Well And She Is Well Practised Karate In Her Small Age . After They Two Grown up, Naresh Met A Girl ...                See full summary »",160,5.8,79,307751,Brother of Bommali,Telugu
1105,Paathshala,2014.0,,Drama            ,"    Four young people take a road trip after college. Their attempt at a last hurrah before reality sets in is unsuccessful, however, because reality follows them on the road, which becomes a school of sorts.",117,7.3,84,305349,Paathshala,Telugu
1227,Ice Cream 2,2014.0,A,"Horror, Thriller            ",    Fate of a short film crew vs burglar crew who just robbed a bank.,87,3.6,65,412844,Ice Cream 2,Telugu
1104,Rough,2014.0,,Romance            ,    A man is challenged by the brother of his beloved to get her to fall in love with him.,180,4.9,84,307979,Rough,Telugu
1238,Joru,2014.0,,Comedy            ,"    Friends on a road trip pick up a damsel in distress, only to find themselves pursued by goons who are apparently after said damsel.",140,5.6,64,312324,Joru,Telugu
1247,Galipatam,2014.0,A,Drama            ,"    Galipatam is the story of a couple Karthi (Aadi) and Swetha (Erica Fernandes) who are considered as the best couple but actually have their own differences. One thing leads to another, and ...                See full summary »",135,5.7,63,285930,Galipatam,Telugu
1031,Emo Gurram Egaravachu,2014.0,UA,Drama            ,"    In order to obtain a US visa, Bullebbai agrees to marry a woman who has an agenda of her own",144,5.6,95,253172,Emo Gurram Egaravachu,Telugu
1281,Lakshmi Raave Maa Intiki,2014.0,,"Drama, Family, Romance            ","    Even after knowing that the girl of his dreams and the one he is in love with has been promised to another man, Sai intends to win over her father's heart to ask him for the girl's hand in marriage.",152,4.5,59,331316,Lakshmi Raave Maa Intiki,Telugu
194,Govindudu Andari Vaadele,2014.0,,"Action, Drama            ",    A man returns to India to find his family on the brink of a rift. He must push past his tendency to take everything lightly and work to heal his clan.,160,5.6,1815,295590,Govindudu Andarivaadele,Telugu
214,Rabhasa,2014.0,A,"Action, Comedy            ","    Karthik's mother wants him to marry Indu, the daughter of her brother, Dhananjay. However, when his father goes to Dhananjay's house, he is insulted. Agitated, Karthik decides to seek revenge.",153,4.9,1568,307614,Rabhasa,Telugu
51,Yevadu,2014.0,A,"Action, Thriller            ","    A young man receives a life-saving face transplant after he is critically injured and his girlfriend murdered in a vicious attack. Unrecognisable to his enemies, he sets out for revenge.",165,5.6,6373,215248,Yevadu,Telugu
277,Run Raja Run,2014.0,U/A,"Comedy, Drama            ","    A cheated police officer who has been involved in a scam by his co-officer, goes to jail. His son seeks revenge with an extremely thrilling plan along with his friend.",137,7.4,1131,284837,Run Raja Run,Telugu
1323,Amrutham Chandamama Lo,2014.0,,"Adventure, Comedy, Fantasy            ","    Amrutham Chandamama Lo is inspired from popular sitcom Amrutham which narrates the rags to riches tale of two friends, Amrutham (Srinivas Avasarala) and Anji (Harish). After numerous ...                See full summary »",139,7.3,55,285936,Amrutham Chandamama Lo,Telugu
2,1 - Nenokkadine,2014.0,UA,"Action, Thriller            ",    A rock star must overcome his psychological inhibitions to seek revenge for his parents' death.,170,8.1,42372,249772,1: Nenokkadine,Telugu
268,Anukshanam,2014.0,A,"Crime, Thriller            ","    Based on real-life events, this crime thriller traces the terrible trail left by a serial rapist and killer, highlighting the ensuing media coverage, public panic and one police officer's personal crusade to capture the psychopath.",82,6.5,1189,292140,Anukshanam,Telugu
263,Rowdy,2014.0,,"Action, Crime, Drama            ","    Anna rules over his people in Rayalaseema and they revere him as God. When an upcoming project threatens the well- being of his people, Anna opposes it. In the bargain, he earns some dangerous enemies.",109,6.4,1230,262487,Rowdy,Telugu
262,Oohalu Gusagusalade,2014.0,U,"Comedy, Romance            ",    N. Venkateswara Rao a.k.a. Venky (Naga Shourya) works in UB TV and his aspiration is to become a news reader just like his father N. Bhanu Murthy who discontinued his work as a news reader ...                See full summary »,128,7.7,1234,280548,Oohalu Gusagusalade,Telugu
37,Race Gurram,2014.0,UA,"Action, Comedy            ","    Two brothers have two different approaches to life. While one brother follows rules and regulations, the other does things his own way.",163,7.2,8183,262227,Race Gurram,Telugu
259,Pandavulu Pandavulu Thummeda,2014.0,,Comedy            ,"    When Naidu confronts his son's rival group to end their squabbles, he encounters their mother Satya, his long lost love, separated by the twist of fate. As Honey learns the secret between ...                See full summary »",156,6.4,1244,253047,Paandavulu Paandavulu Thummeda,Telugu
242,Karthikeya,2014.0,,"Mystery, Thriller            ",    Karthikeya(Nikhil) who loves to solve mysteries goes to Subramanyapuram for a medical camp where the villagers are frightened by a deadly snake in the temple.How Karthikeya will solve the mystery is the crux of the story.,113,7.4,1418,300214,Karthikeya,Telugu
591,Surya vs. Surya,2015.0,,Drama            ,"    The film story revolves around a young man Surya (Nikhil Siddharth) who suffers with a heriditary disorder Porphyria, that prevents him from going outside during the day and enjoying the ...                See full summary »",0,6.8,339,332832,Surya Vs Surya,Telugu
676,Cinema Chupista Maava,2015.0,,Family            ,"    Kaththi(Raj Tarun) is a careless youth who spends his life without any goal. One fine day, he falls in love with a Bengali girl named Parineetha(Avika Gor) and her father has some conditions for him to marry her daughter.",143,6.1,271,369215,Cinema Chupista Maava,Telugu
1302,Tripura,2015.0,,"Comedy, Horror            ",    Tripura (Swathi) is village girl who has weird dreams and all those dreams come true.She one day dreams that she will kill her Husband.,151,5.7,57,381380,Tripura,Telugu
111,S/O Satyamurthy,2015.0,UA,"Action, Drama            ",    A rich businessman's son faces multiple challenges after he becomes the sole breadwinner of his family.,162,6.9,3265,333876,Son of Satyamurthy,Telugu
489,Dohchay,2015.0,,Action            ,    A conman faces his biggest threat when he is in urgent need for a lump sum and a policeman is after him to catch him red handed.,138,5.9,497,336082,Dohchay,Telugu
1301,Kerintha,2015.0,U,"Drama, Romance            ",    Journey of six students through out their college life where each one has their own issues to deal with.,141,6.5,57,348659,Kerintha,Telugu
654,Loafer,2015.0,,"Action, Drama            ",    An evil father takes away his son from his wife and tries to corrupt the boy.,134,5.2,289,371676,Loafer,Telugu
419,Mosagallaku Mosagadu,2015.0,,"Action, Comedy, Crime            ",    Revolves around god statues stealing issues in India.,127,6.2,639,78639,Mosagallaku Mosagadu,Telugu
104,Gopala Gopala,2015.0,U,"Comedy, Drama, Fantasy            ",    An atheist sues god after losing his shop in an earthquake.,153,7.3,3433,279449,Gopala Gopala,Telugu
1219,Bandipotu,2015.0,,"Comedy, Crime, Drama            ",    A woman with the help of a con man avenges her father's backstabbers.,140,6.2,66,465571,Bandipotu,Telugu
467,Akhil,2015.0,UA,"Action, Fantasy            ",    A cruel businessman attacks a tribal village for a stone which the people treat as something special. A guy who thinks he is somehow related to the stone comes to their aid.,130,3.7,530,370986,Akhil,Telugu
486,Subramanyam for Sale,2015.0,,Comedy            ,    Subramanyam joins Seetha to pose as a couple and win a prize.,150,6.0,499,377668,Subramanyam For Sale,Telugu
59,Temper,2015.0,UA,"Action, Drama            ","    Daya, a corrupt police officer, finds his life changing when he takes on a case of gang rape.",147,7.4,5524,325699,Temper,Telugu
1348,365 Days,2015.0,,"Drama, Romance            ",    This film tracks a hasty marriage through its first 365 days.,110,5.3,53,530581,365 Days,Telugu
611,Jil,2015.0,A,Action            ,    A firefighter earns the wrath of a don who believes him to be helping his aide gone rogue.,141,5.7,320,332608,Jil,Telugu
434,Bengal Tiger,2015.0,UA,"Action, Comedy            ","    Akash gets rejected by a girl because he isn't popular. Insulted, Akash starts doing whatever he can to become the talk of the town.",145,5.1,600,363152,Bengal Tiger,Telugu
542,Pandaga Chesko,2015.0,UA,"Action, Drama, Family            ","    Karthik, a money minded businessman, gets engaged to another money-minded girl Anushka. When his factory gets shut down by an environment activist Divya, he goes back to India only to fall in love with her.",162,5.4,413,344823,Pandaga Chesko,Telugu
597,Mama Manchu Alludu Kanchu,2015.0,UA,"Action, Comedy            ","    Bhaktavatsalam Naidu (Mohan Babu), who has married two women and has successfully managed to keep the secret of the other woman to both the ladies..Later part reveal why Naidu married two of them and also his wives knowing the truth.",136,6.1,331,401901,Mama Manchu Alludu Kanchu,Telugu
23,Srimanthudu,2015.0,UA,"Action, Drama            ","    Harsha, a multi-millionaire who has everything, still feels that there is something missing in his life. In an attempt to fill the void, he adopts a village to bring change in the people.",158,7.5,10778,353533,Srimanthudu,Telugu
1188,Sher,2015.0,UA,Action            ,    A working-class hero with the heart of a tiger rubs a gangster the wrong way; the two struggle for dominance for the duration of the movie.,109,4.8,70,436399,Sher,Telugu
838,Janda Pai Kapiraju,2015.0,UA,"Action, Thriller            ","    Arvind Nani who came to the city from a rural area, is a naive employee in a company. He cannot tolerate corruption, bribery, breaking rules, lavishness and the urban culture of youth in ...                See full summary »",129,6.3,164,263995,Janda Pai Kapiraju,Telugu
1179,Krishnamma Kalipindi Iddarini,2015.0,,"Drama, Romance            ",    This film is the remake of the hit Kannada film - Charminar. This is the journey of love of a young boy. The film shows how love can inspire and aspire to be the best and give the best to ...                See full summary »,0,7.3,71,621354,Krishnamma Kalipindi Iddarini,Telugu
122,Bale Bale Magadivoy,2015.0,U,"Comedy, Romance            ",    An easily distracted scientist (Nani) goes to great lengths to make sure that his girlfriend (Lavanya Tripati) and her family members don't find out about his mental condition.,137,7.8,3073,367553,Bhale Bhale Magadivoy,Telugu
860,Courier Boy Kalyan,2015.0,,"Action, Romance, Thriller            ",    A courier boy's life turn into unexpected consequences because of a courier received from a social service activist.,145,5.4,154,456983,Courier Boy Kalyan,Telugu
830,Singham123,2015.0,,"Action, Comedy            ","    In a village called Singarayakonda, ruled by a self-proclaimed king and mafia-lord, Lingham, seductive supercop Singham123 is assigned the mission impossible: to arrest Lingham. Will Singham 123 be successful in completing the mission?",116,4.8,167,344708,Singham 123,Telugu
825,James Bond,2015.0,,"Action, Comedy            ","    A down-to-earth software employee marries a lady without knowing about her past and criminal activities. Halfway through his marriage, he finds out her background and decides to run away, but ultimately comes to terms with his problems.",142,5.5,170,360133,James Bond,Telugu
807,Asura,2015.0,,"Action, Drama            ",    The story deals with the ego between a jailor(cop) and the prisoner who is subjected to death.,120,6.5,187,466403,Asura,Telugu
229,Kumari 21F,2015.0,A,"Drama, Romance            ",    An immature teenager doubts the virginity and loyalty of his overly outgoing girlfriend.,134,7.8,1492,369949,Kumari 21F,Telugu
223,Bruce Lee: The Fighter,2015.0,UA,"Action, Comedy            ",    A stuntman is mistaken for a police officer by an idealistic woman and begins fighting crime on behalf of the police.,151,5.5,1537,364080,Bruce Lee: The Fighter,Telugu
938,Sankarabharanam,2015.0,,Comedy            ,    Sankarabharanam is a remake of the Hindi sleeper hit - Phas Gaye Re Obama. The film tells the story of an NRI from America who is on the verge of bankruptcy. He finds out that he owns a ...                See full summary »,154,4.8,121,405800,Sankarabharanam,Telugu
774,Raju Gari Gadhi,2015.0,UA,Horror            ,    There is a haunted house in Nandigama. Dead bodies of 34 people resurface in house's well over a period of time. A TV channel plans to host a reality show in that haunted house.,135,5.0,211,379697,Raju Gari Gadhi,Telugu
347,Malli Malli Idhi Rani Roju,2015.0,UA,"Musical, Romance            ",    Malli Malli Idi Rani Roju is a feel good love story which stays within your heart.,161,7.5,831,326153,Malli Malli Idhi Rani Roju,Telugu
180,Yevade Subramanyam,2015.0,U,"Adventure, Comedy, Drama            ",    A man who is overly focused on long-term career goals is exposed to the opposite attitude in a friend who believes in living life to the fullest rather than sacrificing present joy for future success.,150,7.6,1944,332831,Yavade Subramanyam,Telugu
354,Dongata,2015.0,,Comedy            ,"    Dongaata is a comedy thriller starring Lakshmi Manchu and Adivi Sesh. The film marks the debut of Vamsi Krishna as a director,and the film has also been produced by Lakshmi Manchu.",140,6.3,821,381677,Dongata,Telugu
1039,Rey,2015.0,,"Action, Music            ",    An aspiring dancer joins a Jamaican college and teams up with a local in order to win a dance competition. She meets the two-time winner who creates horrible obstacles for her.,168,5.0,94,307615,Rey,Telugu
356,Dynamite,2015.0,,"Action, Thriller            ",    Dynamite is the official remake of Tamil film Arima Nambi. The story revolves around the kidnapping of a girl and how the hero tries to hunt down the criminals and save her.,142,6.6,813,511130,Dynamite,Telugu
1090,Jadoogadu,2015.0,,Action            ,    Backdrop of the story is about a go lucky village guy who goes to city determined to get rich and how he achieves it with his philosophy of working hard.,151,5.5,86,400761,Jadoogadu,Telugu
0,Bahubali: The Beginning,2015.0,UA,"Action, Drama            ","    In ancient India, an adventurous and daring man becomes involved in a decades old feud between two warring people.",159,8.1,99114,256040,Bāhubali: The Beginning,Telugu
129,Kanche,2015.0,UA,"Action, Drama, History            ","    A rivalry between two men, based on caste and social status, extends from an Indian village to war torn Europe during WW2.",126,7.9,2755,364795,Kanche,Telugu
746,Bhale Manchi Roju,2015.0,,"Action, Romance            ",    The story revolves around a guy who gets trapped in a situation where he is forced to kidnap a girl in order save his loved ones.,134,6.9,228,413342,Bhale Manchi Roju,Telugu
1144,Columbus,2015.0,UA,Comedy            ,"    Ashwin(Sumanth Ashwin) is a college going youth who falls in love with Indu(Mishti). As time passes by, Ashwin leaves all his career goals behind and lives life with only Indu's point of ...                See full summary »",127,6.9,78,412579,Columbus,Telugu
1162,Jyothi Lakshmi,2015.0,,Drama            ,    Jyothi Lakshmi revolves around the life of a small time heroine struggling in the film industry and the perspectives of various people who have a low opinion about girls working in the film industry.,135,5.8,75,371683,Jyothi Lakshmi,Telugu
135,Rudhramadevi,2015.0,UA,"Action, Biography, History            ",    Queen Rudrama Devi's reign in southern India during the 13th century is herein recounted.,157,5.8,2607,315009,Rudhramadevi,Telugu
391,Pataas,2015.0,A,"Action, Comedy            ",    A corrupt cop gets himself transferred to Hyderabad where he has a change of heart while trying to teach his estranged but dutiful father a lesson.,127,6.7,727,331596,Pataas,Telugu
382,Kick 2,2015.0,UA,"Action, Comedy, Romance            ","    An NRI doctor returns to India to sell his property, but winds up falling in love.",170,5.1,747,370817,Kick 2,Telugu
805,Speedunnodu,2016.0,UA,"Comedy, Romance            ",    Speedunnodu is a remake of the Tamil hit film - Sundarapandian. The film is a romantic comedy about a young man and the girl he is trying to woo for his friend.,120,4.6,188,449733,Speedunnodu,Telugu
1337,Nandini Nursing Home,2016.0,,Comedy            ,"    A young doctor, a patient in a coma, and the manager of a nursing home negotiate a series of hilarious events.",152,7.2,54,587505,Nandini Nursing Home,Telugu
720,Jyo Achyutananda,2016.0,U,"Comedy, Drama, Romance            ","    Achyut and Anand are brothers, Jyosthna is a tenant in their home. Both the brothers try impressing her.",125,6.5,240,417829,Jyo Achyutananda,Telugu
866,Jayammu Nischayammuu Raa,2016.0,,Comedy            ,    A simple man begins to find himself when he leaves his home and mother to pursue love and a career.,154,7.2,151,430703,Jayammu Nischayammuu Raa,Telugu
629,Babu Bangaram,2016.0,UA,"Action, Comedy            ",    A cop goes undercover to investigate a businesswoman and her father.,150,5.4,311,410572,Babu Bangaram,Telugu
1197,Selfie Raja,2016.0,,Comedy            ,"    Selfie Raja is a comedy entertainer about a guy, who runs into a host of problems because of his addiction to selfies.",128,5.6,69,430121,Selfie Raja,Telugu
550,Hyper,2016.0,UA,"Action, Drama            ",    A young man fights a corrupt government official.,144,5.7,400,419245,Hyper,Telugu
1355,Krishnashtami,2016.0,,"Action, Comedy, Romance            ","    Krishnashtami tells the story of an NRI who returns to India with a definite purpose. This romantic entertainer is told with large doses of comedy, romance and family values.",160,5.2,52,413572,Krishnashtami,Telugu
1378,Seethamma Andalu Ramayya Sitralu,2016.0,,"Comedy, Romance            ","    Sri Ram (Raj Tarun) is a young village guy, who starts loving a girl Seetha mahalakshmi (Arthana Binu) from young age. Sri Ram remains in the village, Seetha goes to the city for higher ...                See full summary »",0,4.2,50,400763,Seethamma Andalu Ramayya Sitralu,Telugu
1198,Wish You Happy Breakup,2016.0,UA,"Comedy, Drama, Romance            ","    The story unfolds with 'Someone' about to commit suicide after the girl he loves ditches him. As he prepares to kill himself, he receives a call from his friend who suggests watching a ...                See full summary »",107,7.4,69,427946,Wish You Happy Breakup,Telugu
1324,Nirmala Convent,2016.0,UA,Romance            ,"    In this youthful romance, veteran actor Nagarjuna introduces a new actor to Tollywood.",152,6.2,55,419560,Nirmala Convent,Telugu
933,Okka Ammayi Thappa,2016.0,U,"Action, Drama, Romance            ","    In an attempt to free their jailed terrorist boss Aslam, a group of terrorists plant a bomb on a flyover in Hyderabad. As fate has it, Krishna Vachan and Mango are caught in the chaos and unwittingly become a part of the terrorists' plan.",134,5.7,122,402099,Okka Ammayi Thappa,Telugu
1170,Savitri,2016.0,,"Comedy, Drama, Family            ","    Savitri is a girl who is fascinated with wedding ceremonies. When she gets engaged, she travels to Shirdi and in the train she meets a doctor Rishi, who falls in love with her. Meanwhile, ...                See full summary »",128,5.9,72,406784,Savitri,Telugu
755,Kalyana Vaibhogame,2016.0,U,"Comedy, Drama            ","    Shourya (Naga Shourya) is a gaming software professional in Hyderabad. He is just 23 years old but his parents want him to get married before his aging grandmother dies. He wants freedom, ...                See full summary »",158,6.8,221,387842,Kalyana Vaibhogame,Telugu
1310,Terror,2016.0,UA,"Action, Thriller            ",    A disgraced cop races against time to prevent an imminent terror attack and discovers the involvement of corrupt politicians and officers from his own department.,130,7.1,56,407424,Terror,Telugu
738,Vangaveeti,2016.0,A,"Action, Biography, Crime            ",    The life story of slain legislator Vangaveeti Mohan Ranga Rao who was assassinated during the NT Rama Rao regime in 1989.,142,6.2,232,432342,Vangaveeti,Telugu
955,Thikka,2016.0,UA,"Action, Comedy            ","    A freaky incident during a man's breakup party leads to an ultimate change in his life as uncalled situations pop up, eventually leading to a lot of frenzy.",140,4.6,115,411629,Thikka,Telugu
961,Guntur Talkies,2016.0,A,Comedy            ,"    This story focused on two characters: Hari, a 25-year-old Casanova, and Giri, a man in his late 40s, deserted by his wife and left to handle two little children.",158,5.8,114,408014,Guntur Talkies,Telugu
659,Ism,2016.0,UA,Action            ,    Hackers and gangsters collide in this story about the fight against corruption.,132,5.8,284,422592,Ism,Telugu
697,Jaguar,2016.0,,Action            ,"    Krishna, a young medical student, strikes against corrupt figures of power as a vigilante and tries to decribes his father's injustice death while trying to win the love of his friend's sister as a college student.",153,5.6,257,420843,Jaguar,Telugu
1258,Raja Cheyyi Vesthe,2016.0,,"Action, Romance, Thriller            ","    An aspiring film director narrates a breath-taking story to his girlfriend in a coffee shop. An unknown message knocks the door the next day, asking him to write a love story. He sends his ...                See full summary »",144,5.7,61,412119,Raja Cheyyi Vesthe,Telugu
1257,Garam,2016.0,UA,"Action, Romance            ","    An unemployed troublemaker is forced by his father to leave home and go in search of work to the city of Hyderabad, where the youngster promptly falls in love. Can he learn responsibility and protect his loved ones?",147,4.9,61,847995,Garam,Telugu
896,Oka Manasu,2016.0,U,"Drama, Musical, Romance            ","    A love story between Surya, the son of a influential politician and Sandhya, an aspiring doctor. Their love fights societal pressure.",146,5.3,137,399146,Oka Manasu,Telugu
1271,Naanna Nenu Naa Boyfriends,2016.0,UA,Family            ,    Padmavati / Paddu (Hebah Patel) is the adored daughter of Raghava Rao (Rao Ramesh). A Prophesier prophesied Raghava Rao that if he refuses to accept any of her daughter's wish then she will...                See full summary »,140,4.5,60,455358,Naanna Nenu Naa Boyfriends,Telugu
1396,Jakkanna,2016.0,,"Comedy, Drama            ",    The movie is about an attempt by Sunil the protagonist to repay a kindness earns him the wrath of a ruthless gangster Kabir Duhan Singh the antagonist who's wish is to continue his all illegal proceedings.,0,6.3,49,567148,Jakkanna,Telugu
393,Majnu,2016.0,UA,"Comedy, Drama, Romance            ",    An assistant director juggles relationships with two women while he writes a romantic comedy.,138,6.4,725,409254,Majnu,Telugu
311,Premam,2016.0,UA,"Comedy, Drama, Romance            ",    Vikram falls in love with three women at different stages of his life which changes him as a person until he finally meets the love of his life.,157,6.5,964,409255,Premam,Telugu
310,Saahasam Swaasaga Saagipo,2016.0,,"Action, Romance            ",    A youngster embarks on a road trip with the love of his life until an accident causes things to get out of control.,154,6.9,970,397486,Saahasam Swaasaga Saagipo,Telugu
444,Dictator,2016.0,UA,"Action, Drama            ","    Chandu lives a normal life with his in laws in Hyderabad. One fine day, he comes across an aspiring actress Sonala helps her in a critical situation. The problems gets big and Chandu lands himself in a huge mess.",155,4.2,585,370720,Dictator,Telugu
292,Ekkadiki Pothavu Chinnavada,2016.0,,"Comedy, Fantasy, Romance            ","    Arjun(Nikhil) is a visual effect supervisor with a bad love failure. One fine day, he takes his friend(Vennela Kishore) for treatment as the latter is possessed by an evil spirit. There he ...                See full summary »",140,7.5,1056,426614,Ekkadiki Pothavu Chinnavada,Telugu
57,Janatha Garage,2016.0,UA,"Action, Drama            ","    An environmental activist comes to Hyderabad to attend a seminar, where an unexpected encounter with a man who runs an organization for the oppressed, changes his purpose in life.",162,7.3,5562,405924,Janatha Garage,Telugu
279,Eedo Rakam Aado Rakam,2016.0,,"Comedy, Romance            ",    What happens when the lives of two friends take an unexpected turn? A whole lot of confusion follows. Will they be able to get out of the mess? That forms the crux of the story.,129,7.0,1123,392939,Eedo Rakam Aado Rakam,Telugu
84,Oopiri,2016.0,U,"Comedy, Drama            ","    Impressed by his carefree attitude, Vikram, a quadriplegic multi-billionaire, hires a convict out on parole as his caretaker. What follows is a string of life lessons they learn from each other.",158,8.0,3927,369925,Oopiri,Telugu
83,Kshanam,2016.0,,Thriller            ,"    Rishi, a non-resident Indian, returns to India to help his ex-lover find her kidnapped daughter.",110,8.3,4231,386427,Kshanam,Telugu
504,Supreme Khiladi,2016.0,UA,"Action, Comedy            ","    Balu (Sai Dharma Tej ), a cab driver, gets involved in a fight against the mafia when he comes across a child that the mob wants dead.",142,6.1,476,396378,Supreme,Telugu
343,Express Raja,2016.0,,"Action, Comedy, Romance            ","    After handing over his girlfriend's favorite dog to dog catchers, Raja loses his love. Now, Raja has to go on an adventurous quest to find the dog before its too late.",150,7.1,851,378774,Express Raja,Telugu
227,Gentleman,2016.0,U,"Mystery, Romance, Thriller            ","    Catherine finds herself in a web of deception and lies when she finds out that the fiance of her friend Aiswarya might not be as ""Gentleman"" as he seem.",144,7.1,1518,400247,Gentleman,Telugu
226,Nenu Sailaja,2016.0,UA,"Action, Comedy, Romance            ","    Hari (Ram), a DJ, proposes to many girls but none of them accepts his love. One day he sees a beautiful girl Sailaja (Keerthi Suresh) and she seems to like him too, but fear of rejection keeps him from speaking up.",155,6.9,1520,376998,Nenu.. Sailaja...,Telugu
87,Sarrainodu,2016.0,UA,"Action, Drama            ",    An intense battle breaks out between an evil son of a politician and an ex army man who can't tolerate injustice.,159,6.4,3876,374954,Sarrainodu,Telugu
33,Nannaku Prematho,2016.0,UA,"Action, Drama, Thriller            ",    An intelligent son of a former entrepreneur takes revenge on a powerful and rich businessman who is as smart as he is.,168,7.6,8589,365187,Nannaku Prematho...,Telugu
186,A... Aa,2016.0,U,"Comedy, Romance            ",    Anand and Anasuya meet each other on a train ride. The two eventually fall in love and have to fight for their relationship.,152,6.8,1892,372399,A Aa,Telugu
466,Appatlo Okadundevadu,2016.0,,Drama            ,"    Railway Raju has just one dream: to play cricket for the Indian team. However, life throws him a googly.",125,7.8,536,434295,Appatlo Okadundevadu,Telugu
127,Anirudh,2016.0,U,"Action, Drama, Family            ","    To consolidate his position in the family, a man tries to arrange a marriage for his daughter, but the suitable boy he has in mind is already in love with another.",156,4.3,2785,371363,Brahmotsavam,Telugu
62,Dhruva,2016.0,UA,"Action, Thriller            ","    A committed police officer is on a very dangerous mission to destroy the most corrupt person in the country, Siddharth Abhimanyu.",165,7.9,5346,410994,Dhruva,Telugu
377,Vismayam,2016.0,U,Drama            ,    The film narrates the life of four persons and their struggle for their survival in differnt situations..,164,7.7,759,410508,Manamantha,Telugu
190,Krishna Gaadi Veera Prema Gaadha,2016.0,UA,"Action, Comedy, Romance            ","    Krishna (Nani) is a coward who is in love with Mahalakshmi (Mehreen Pirzada) and they have kept it a secret. Mahalakshmi is sister of Ramaraju, who in turn is a henchmen of Rajayya. At the ...                See full summary »",148,7.5,1854,384420,Krishna Gaadi Veera Prema Gaadha,Telugu
65,Pelli Choopulu,2016.0,UA,"Comedy, Drama, Romance            ","    This is an urban rom-com in a modern setting where tradition still has a strong hold. The story starts with the ""pellichoopulu"" or arranged meeting of Prashanth (Vijay Deverakonda) and ...                See full summary »",125,8.2,5167,393841,Pelli Choopulu,Telugu
167,Sardaar Gabbar Singh,2016.0,UA,"Action, Comedy            ",    A kingdom called Rathanpur was taken ruthlessly by a feudal lord named Bhairav Singh. The princess of that empire was in a hopeless situation until a maverick cop named Sardaar Gabbar Singh came along.,164,4.8,2178,371811,Sardaar Gabbar Singh,Telugu
385,Shourya,2016.0,UA,"Romance, Thriller            ",    Shourya and Netra who have eloped to get married get involved in a bigger complication when one of them gets viciously attacked along their way.,124,6.9,733,420506,Shourya,Telugu
392,Okkadu Migiladu,2017.0,UA,Action            ,    Based on events during Srilankan civil war and Tamil refugees who were lost in sea without food and water for 10 days on their way to India.,141,7.2,725,486399,Okkadu Migiladu,Telugu
787,Oxygen,2017.0,UA,"Action, Thriller            ","    Krishna arrives in India to get married to Shruti, but when Krishna saves her father from an attack, it is revealed he has a hidden agenda.",156,5.5,201,482477,Oxygen,Telugu
388,LIE,2017.0,UA,"Action, Thriller            ","    Sathyam is hired by the National Investigation Agency to help catch Padmanabham, the master of disguise, by following a suit which he is assumed to have an obsession with.",145,5.9,730,463476,LIE,Telugu
1237,Next Nuvve,2017.0,A,Horror            ,    A hotel business owner (Aadi Sai Kumar) is blackmailed by his partner (Jayaprakash Reddy) to repay his debt in order to save lives of hotel customers.,142,5.8,64,484922,Next Nuvve,Telugu
73,Jai Lava Kusa,2017.0,UA,"Action, Drama            ","    Sidelined at a very young age due to stammering, the eldest of identical triplets develops hatred for his younger brothers and creates havoc in their lives as they all reunite as adults.",150,7.0,4872,101736,Jai Lava Kusa,Telugu
1050,Babu Baga Busy,2017.0,A,Comedy            ,    A man's sexual affairs with different woman in different stages of life comes to an end when he meets a girl accidentally.,126,6.4,92,459803,Babu Baga Busy,Telugu
769,Om Namo Venkatesaya,2017.0,U,"Biography, Fantasy            ",    The life of Hathiram Baba is chronicled in this devotional biopic.,140,7.2,213,443640,Om Namo Venkatesaya,Telugu
1253,Balakrishnudu,2017.0,UA,"Action, Comedy, Romance            ","    A local toughie is hired as a bodyguard to protect a girl from the rivals of her family and becomes a natural target for her enemies. In the process, he ends up falling in love with her.",130,4.6,62,494401,Balakrishnudu,Telugu
737,Arjun Reddy,2017.0,UA,"Drama, Romance            ",    A thief falls in love and this changes his life.,143,5.0,232,473234,Arjun Reddy,Telugu
798,Radha,2017.0,,"Action, Comedy, Romance            ",    A romantic drama starring Sharwanand and Lavanya Tripathi.,126,5.4,192,457648,Radha,Telugu
773,Mister,2017.0,UA,Drama            ,"    Chai lives in Spain with his family where he meets and falls in love with Meera. Chai's fate takes a turn when he travels to India and meets Chandramukhi, who falls for him.",160,3.9,212,461253,Mister,Telugu
309,MalliRaava,2017.0,U,"Drama, Romance            ","    The love story of Karthik and Anjali, whose paths cross at three different phases of their lives.",129,8.0,973,492261,Malli Raava,Telugu
1046,Napoleon,2017.0,,"Drama, Mystery            ",    The curious case of a missing shadow. Napoleon (Anand Ravi) visits a police station and lodges a complaint that his shadow is missing. This unique case becomes the talk of the town. ...                See full summary »,119,7.4,93,501226,Napoleon,Telugu
169,Ninnu Kori,2017.0,U,"Comedy, Romance            ","    Two lovers, Pallavi and Uma get separated by circumstances, but reconnect years later, when Pallavi is happily married to someone else.",137,7.6,2166,465099,Ninnu Kori,Telugu
182,Katamarayudu,2017.0,UA,"Action, Comedy            ",    A man with a violent streak is trying to reform but gets pushed into a situation where he has to take action.,146,5.7,1933,440794,Katamarayudu,Telugu
1110,Nakshatram,2017.0,UA,Action            ,    A police aspirant dons the uniform of a sincere police officer who goes missing and unfolds the nexus behind the officer's sudden disappearance.,167,4.3,83,461426,Nakshatram,Telugu
184,Gautamiputra Satakarni,2017.0,UA,"Action, History            ",    This movie chronicles the life of a South Indian ruler of the Satavahana Empire in South India in the 2nd century CE.,131,6.5,1909,434395,Gautamiputra Satakarni,Telugu
967,Kittu Unnadu Jagratha,2017.0,,Comedy            ,    A man (Raj Tarun) makes his living by kidnapping expensive dogs and hitting their owners up for ransom.,143,5.8,111,446008,Kittu Unnadu Jagratha,Telugu
210,Nenu Local,2017.0,UA,"Action, Comedy, Romance            ","    A happy-go-lucky man accidentally falls in love with a woman whose father despises him. To further complicate matters, his lover has another suitor, who is deemed more worthy of her.",150,6.4,1626,439057,Nenu Local,Telugu
317,PSV Garuda Vega,2017.0,UA,"Action, Drama            ","    A hacker tries to sell sensitive data related to a scam and an NIA officer accidentally gets involved, saving him from getting killed.",150,7.9,945,484423,PSV Garuda Vega,Telugu
121,Duvvada Jagannadham,2017.0,UA,"Action, Comedy            ","    Trained by a high profile cop, an encounter specialist masquerading as a Brahmin priest takes on a real estate crime organization after losing his uncle.",152,5.6,3087,443635,DJ: Duvvada Jagannadham,Telugu
932,Andhhagadu,2017.0,,Comedy            ,    Gautham (Raj Tarun) is a Radio jockey. He is a blind orphan. To fix his eyes he was looking for a donor. Then incidentally she met with a young female doctor Dr. Netra (Hebah Patel). He ...                See full summary »,132,5.7,122,460456,Andhhagadu,Telugu
119,Khaidi No 150,2017.0,UA,"Action, Drama            ",    A man (Chiranjeevi) on the wrong side of the law is moved by the plight of farmers to do the right thing.,142,6.0,3107,412326,Khaidi No. 150,Telugu
1195,Patel S.I.R,2017.0,,Action            ,"    Subhash Patel(Jagapati Babu) is a retired military officer who leads a happy and pleasant life with his family. Because of some unexpected events in his life, he targets DR's (Kabir Singh) ...                See full summary »",130,5.4,69,467242,Patel S.I.R,Telugu
115,Fidaa,2017.0,U,"Drama, Romance            ","    Varun and Bhanu, both from different worlds, face challenges in their relationship.",144,7.5,3154,467649,Fidaa,Telugu
895,Ami Thumi,2017.0,U,Comedy            ,    A tale of two pairs succeeding in their love life without hurting Thier parents.,125,6.6,137,462166,Ami Thumi,Telugu
248,Raja The Great,2017.0,UA,"Action, Comedy            ",    Raja who is born blind but has extraordinary senses and is a trained skillful fighter is assigned to rescue a girl.,149,6.5,1321,456431,Raja the Great,Telugu
274,Nene Raju Nene Mantri,2017.0,UA,"Action, Thriller            ",    Radha jogendhra journey to the Chief Minister position and what inspired him to go after political power.,153,5.8,1144,460699,Nene Raju Nene Mantri,Telugu
224,MCA Middle Class Abbayi,2017.0,UA,"Action, Comedy            ","    A youngster tries to protect his sister-in-law, a transport official, from a dreaded goon who runs an illegal road transport business.",144,5.8,1534,485869,M.C.A,Telugu
289,Shatamanam Bhavati,2017.0,U,Drama            ,    The anguish that negligent children can cause is depicted here from the parents' perspective.,129,7.0,1077,435410,Shatamanam Bhavati,Telugu
1070,Snehamera Jeevitham,2017.0,A,Action            ,    It's about friendship between two friends and how their life changes when a new girl comes into their life and how their friendship will be impacted upon her arrival where a tiny misunderstanding leads to a war between two close friends.,130,8.3,89,660905,Snehamera Jeevitham,Telugu
395,Luck Unnodu,2017.0,,Comedy            ,"    The ironically-named Lucky gets embroiled in a heist when a friend hands him a bag of cash, which was stolen from a don, who stole it from the bank, and will not rest until he recovers it.",118,5.6,724,440454,Luckunnodu,Telugu
561,Yuddham Sharanam,2017.0,UA,"Action, Thriller            ","    When his family is torn apart, Arjun sets out to on a journey to solve the mystery and seek revenge.",141,6.0,385,474955,Yuddham Sharanam,Telugu
570,Keshava,2017.0,UA,"Action, Drama, Thriller            ",    A student with a rare heart disease has to seek revenge by controlling his anger.,117,6.3,372,458016,Keshava,Telugu
19,The Ghazi Attack,2017.0,UA,"Action, Thriller, War            ","    A Pakistani submarine, Ghazi plans to secretly attack Vizag port. For doing so, it has to get past Indian submarine S21.",116,7.6,11191,442405,The Ghazi Attack,Telugu
431,Okka Kshanam,2017.0,UA,"Action, Romance, Thriller            ","    Jeeva (Allu Sirish) leads a happy life with his lover turned life partner Surabhi, until he gets to know his neighbor and their life. The couple witnesses bizarre coincidences and ...                See full summary »",150,7.0,603,494987,Okka Kshanam,Telugu
603,Jawaan,2017.0,UA,"Action, Thriller            ",    The planned robbery of a missile pits childhood friends against each other.,134,4.7,329,460735,Jawaan,Telugu
438,Goutham Nanda,2017.0,UA,"Action, Drama            ",    The son of a billionaire decides to take an extreme step by leaving behind his riches and swapping his life with a depressed techie look-alike who wants to be a billionaire.,155,6.4,591,465378,Goutham Nanda,Telugu
441,Mahanubhavudu,2017.0,UA,"Comedy, Drama, Romance            ",    A kind-hearted person must face his OCD condition in order to win his love back.,151,6.4,587,478747,Mahanubhavudu,Telugu
453,Guru,2017.0,U,"Action, Drama, Sport            ",    A curmudgeonly boxing coach sees the potential in a young woman; his belief in her changes her life.,116,7.9,568,447965,Guru,Telugu
421,Raju Gari Gadhi 2,2017.0,UA,"Comedy, Horror, Thriller            ","    Rudra, a mentalist and a medium, helps track down a ghost that is haunting a resort.",117,5.3,633,480812,Raju Gari Gadhi 2,Telugu
427,Jaya Janaki Nayaka,2017.0,UA,"Action, Romance            ","    Gagan and Sweety fall in love but are forced to break up because her father disapproves of him. While defending a family from thugs one day, Gagan unknowingly saves Sweety and vows to protect her.",149,5.1,617,466147,Jaya Janaki Nayaka,Telugu
447,Rarandoi Veduka Chudham,2017.0,UA,"Action, Romance            ","    While attending a wedding, a gregarious young man falls in love with a stubborn woman.",145,5.6,581,458641,Rarandoi Veduka Chudham,Telugu
568,Shamantakamani,2017.0,U,Drama            ,"    'Shamantakamani' is a comedy caper, which revolves around the robbery of a vintage Rolls Royce.",130,6.9,376,466926,Shamantakamani,Telugu
495,Paisa Vasool,2017.0,UA,"Action, Comedy            ",    A local officer recruits a deadly gangster to take down a crime lord.,138,4.4,486,471331,Paisa Vasool,Telugu
516,Anando Brahma,2017.0,U,"Comedy, Horror            ","    An NRI wants to sell his ancestral home, but later hears rumours of it being haunted. Unwilling to sell the property at a throwaway price, he asks a team of four guys to spend a night in the house and prove that it isn't a ghost den.",123,6.7,454,471469,Anando Brahma,Telugu
401,Vunnadhi Okate Zindagi,2017.0,U,Drama            ,    It's about friendship between 2 friends and how their life changes when a new girl comes into their life and how their friendship will be impacted upon her arrival.,152,6.4,703,483839,Vunnadhi Okate Zindagi,Telugu
8,Arjun Reddy,2017.0,A,"Action, Drama, Romance            ","    Arjun Reddy, a short tempered house surgeon gets used to drugs and drinks when his girlfriend is forced to marry another person.",182,8.1,19419,473234,Arjun Reddy,Telugu
1,Baahubali 2: The Conclusion,2017.0,UA,"Action, Drama            ","    When Shiva, the son of Bahubali, learns about his heritage, he begins to look for answers. His story is juxtaposed with past events that unfolded in the Mahishmati Kingdom.",167,8.2,71458,350312,Bāhubali 2: The Conclusion,Telugu
523,Mental Madhilo,2017.0,UA,"Comedy, Drama, Romance            ","    An indecisive guy who has been rejected by several women, finds himself in a spot when he has to choose between two women.",142,7.4,433,492358,Mental Madhilo,Telugu
404,Gunturodu,2017.0,,"Action, Comedy            ",    A man and woman meet in college and are on their way to a lifetime of happiness when their plans get hijacked.,142,6.4,693,448908,Gunturodu,Telugu
918,Naa Nuvve,2018.0,U,Romance            ,"    Meera (played by Tamannaah Bhatia), a happy-go-lucky radio jockey falls in love with Varun (played by Kalyan Ram Nandamuri) who exudes confidence but is nothing like Meera. How far will the two go for the sake of their love?",125,4.2,128,530071,Naa Nuvve,Telugu
250,Sammohanam,2018.0,U,Romance            ,"    An unexpected encounter leads a cartoonist, who despises film actors, to fall in love with an actress.",137,7.6,1308,530198,Sammohanam,Telugu
887,Silly Fellows,2018.0,U,Comedy            ,"    An influential politician on his deathbed reveals the whereabouts of an illegal money stash to his trusted aide, a local MLA who becomes amnesiac after meeting with an accident.",122,5.9,140,548382,Silly Fellows,Telugu
914,Next Enti?,2018.0,UA,"Comedy, Drama, Romance            ",    A girl with a complicated mind fall in love with a boy who have open feelings for her.,122,4.6,129,568212,Next Enti?,Telugu
913,24 Kisses,2018.0,,Romance            ,    A heartfelt romantic comedy movie about modern age relationships and the transformation of the lead characters. This movie is also a celebration of 24 unique kisses varying from romantic to heart-warming.,140,4.9,129,562974,24 Kisses,Telugu
868,Ye Mantram Vesave,2018.0,U,Drama            ,"    A youngster, who is obsessed with gadgets, plays a game to pick up women. However, as the game progresses, things go awry when a woman's life is in danger.",123,4.0,150,510333,Ye Mantram Vesave,Telugu
114,Yatra,2018.0,U,"Biography, Drama, Romance            ",    An Indian politician takes up a decision to go on a 900-mile walking tour as a part of his election campaign. Yatra is an emotional tribute to the former Chief Minister of Andhra Pradesh Y. S. Rajasekhara Reddy.,127,8.2,3193,506076,Achari America Yatra,Telugu
879,Bluff Master,2018.0,,"Crime, Thriller            ","    Ace conman Uttam effortlessly thinks up schemes to swindle gullible and greedy folks. However on a rare occasion, things don't go according to plan and he ends up in the clutches of a ruthless gang who demand schemes from him for money.",138,6.5,143,571435,Bluff Master,Telugu
451,Neevevaro,2018.0,,"Action, Romance, Thriller            ","    As Kalyan, a blind chef and Vennela, who comes visiting him at his restaurant, fall in love and start making plans for their future, Vennela goes missing. Series of unexpected and shocking events follow.",130,6.9,570,544681,Neevevaro,Telugu
880,Aatagadharaa Siva,2018.0,,"Action, Comedy, Drama            ","    Revolving around the idea of ""life is a game"", the suspense comedy-drama features Hyper Aadi, Chammak Chandra and Chalaki Chanti in pivotal roles.",111,7.3,143,567884,Aatagadharaa Siva,Telugu
577,Kirrak Party,2018.0,UA,Comedy            ,    Krishna a first year student meets Meera a second year student and daughter of a police officer. Everyone in the campus likes Meera and even Krishna's friend. But Meera gets close to ...                See full summary »,165,5.7,361,508868,Kirrak Party,Telugu
213,Hello Guru Prema Kosame,2018.0,U,"Comedy, Romance            ","    After a rocky start, a friendship develops between a happy-go-lucky youth and a girl from the city.",140,7.1,1569,517508,Hello Guru Prema Kosame,Telugu
225,Ee Nagaraniki Emaindi,2018.0,UA,"Comedy, Drama            ","    The story is based on four childhood friends who go on a trip to Goa. Each have their own dream careers, and collaborate to make a short film.",122,7.9,1523,532789,Ee Nagaraniki Emaindi?,Telugu
173,Tholi Prema,2018.0,UA,Romance            ,    A love story that weathers time and emotions. Aditya sees Varsha and it is love at first sight for him. What transpires over the next 7 years is what makes their love stronger.,137,7.3,2058,500527,Tholi Prema,Telugu
529,Hushaaru,2018.0,A,Comedy            ,    Four friends from middle-class families believe in carving a niche for themselves by not following a trodden path set by others.,140,6.9,426,565278,Hushaaru,Telugu
1002,Happy Wedding,2018.0,U,Drama            ,"    A simpleton guy Anand and a modern girl Akshara fall in love and decide to get married. However, their lives turn upside down when Akshara's past walks back in her life, making her have second thoughts on their wedding day.",128,4.3,103,540263,Happy Wedding,Telugu
164,Bhaagamathie,2018.0,UA,"Action, Horror, Thriller            ","    IAS officer Chanchala Reddy is imprisoned in a haunted house, while she is interrogated by law enforcers investigating a politician they suspect of corruption.",138,7.0,2217,485789,Bhaagamathie,Telugu
185,Rx 100,2018.0,A,"Action, Drama, Romance            ","    Believing his girlfriend loves him even after being married, a man waits for her return and in the process ignites violence.",153,6.9,1897,535369,RX 100,Telugu
153,Taxiwaala,2018.0,Not Rated,"Comedy, Horror, Thriller            ","    A job monger, Shiva ends up as a taxiwala only to realise that his ride is a beyond what anyone could have expected.",137,7.0,2368,520393,Taxiwala,Telugu
1377,Adhugo,2018.0,UA,Drama            ,"    Bunty, the little pink piglet is the apple of Chanti's (Sathwik) eye. But what happens when this innocent little creature is embroiled with people who each have their own agenda to seek?",110,6.1,50,560203,Adhugo,Telugu
9,Rangasthalam,2018.0,UA,"Action, Drama            ","    The fear of his elder brother's death starts to haunt an innocent, hearing impaired guy after they both join forces to overthrow the unlawful 30 year long regime of their village's president.",170,8.4,17559,461126,Rangasthalam,Telugu
481,Jai Simha,2018.0,UA,"Action, Drama            ",    A rowdy mechanic with a golden-heart turns into a body guard to save a family from goons.,159,4.7,510,495121,Jai Simha,Telugu
960,Raju Gadu,2018.0,,Family            ,"    Raj Tharun has a serious problem; he is a kleptomaniac. He can't stop himself from stealing small things. Even when he falls in love with the beautiful Amyra Dastur, he couldn't restrain ...                See full summary »",130,5.3,114,528765,Raju Gadu,Telugu
140,Agnyaathavaasi,2018.0,UA,"Action, Drama            ","    An exiled heir to billionaire, returns after his father was murdered, as a regular employee to find out the killers and make things right in his company.",158,4.5,2526,495362,Agnyaathavaasi,Telugu
954,Aatagallu,2018.0,UA,"Action, Thriller            ","    Although all evidence points to the contrary, a public defender becomes convinced that his client is not guilty of murder.",141,5.3,115,544758,Aatagallu,Telugu
12,Bharat Ane Nenu,2018.0,UA,"Action, Drama            ","    Bharat, an young graduate, becomes the C.M of Andhra Pradesh (pre-div) after his father demise without any political knowledge, faces challenges in the process of reform the society.",173,7.7,14945,501987,Bharat Ane Nenu,Telugu
945,Brand Babu,2018.0,U,Comedy            ,"    A rich entrepreneur obsessed with his luxurious life falls in love with a housemaid, but their different lifestyles might prove to be a hurdle in their relationship.",144,5.3,119,540180,Brand Babu,Telugu
944,Ammammagarillu,2018.0,,Romance            ,"    A family entertainer, the story of Ammammagarillu revolves around a young guy (played by Naga Shaurya) who shares a close bond with his grandmother (played by Sumitra). It depicts the ...                See full summary »",156,5.4,120,526770,Ammammagarillu,Telugu
475,Nela Ticket,2018.0,UA,"Action, Drama            ",    A carefree young man is forced to grow up fast after he incurs the wrath of a corrupt politician.,120,4.5,515,526772,Nela Ticket,Telugu
394,Srinivasa Kalyanam,2018.0,U,"Drama, Family            ","    ""Srinivasa Kalyanam"" illustrates the sacred bond with another human through nuptial rituals and the sanctity of the institution of marriage.",140,6.0,724,540396,Srinivasa Kalyanam,Telugu
565,Nannu Dochukunduvate,2018.0,,Romance            ,    An ambitious software engineer employs a quirky girl to act as his girlfriend to avoid an arranged marriage. He starts to lose his ambitions as he gets close to her.,149,6.9,379,549733,Nannu Dochukunduvate,Telugu
264,Devadas,2018.0,UA,"Action, Comedy, Drama            ",    A staid doctor's monotonous routine is shaken up when a gangster who is on the run decides to hide from the police in his clinic.,159,6.7,1225,550864,Devadas,Telugu
113,Awe!,2018.0,UA,Thriller            ,    Unusual(multiple) persons tend to meet at a Restaurant and their life-changing moments take place in order to know about a single person.,150,7.8,3208,500723,Awe!,Telugu
857,Subrahmanyapuram,2018.0,UA,"Drama, Mystery, Thriller            ","    Karthik, an atheist, investigates a series of suicides, which are believed to be an act of God by the people of Subrahmanyapuram",133,5.5,155,565247,Subramanyapuram,Telugu
342,Krishnarjuna Yudham,2018.0,UA,"Action, Comedy            ",    A pair of look-a-likes hatch a plan to win over the women they love.,156,5.6,861,500565,Krishnarjuna Yudham,Telugu
426,Jamba Lakidi Pamba,2018.0,,"Comedy, Fantasy            ",    This is the story of a man and woman who were joined together by destiny and how they were thrown into the brink of divorce due some unexpected twists and turns. The film will be a complete...                See full summary »,141,6.6,619,531897,Jamba Lakidi Pamba,Telugu
772,Paper Boy,2018.0,,Romance            ,    The film is a rom-com which explores the life of a young paperboy.,125,6.5,212,541267,Paper Boy,Telugu
273,Savyasachi,2018.0,UA,Action            ,"    A twin brother of the protagonist is absorbed due to Vanishing Twin Syndrome and controls his left hand. When his life is threatened, the twin brother that never existed protects him like a shield.",151,5.4,1144,536420,Savyasachi,Telugu
425,Shailaja Reddy Alludu,2018.0,UA,"Action, Comedy, Drama            ",    The son of an egoistic businessman falls in love with an egoistic girl and has to convince her egoistic mother in order to marry her.,147,5.1,621,536429,Shailaja Reddy Alludu,Telugu
360,Chalo,2018.0,,"Action, Comedy, Family            ","    Hari (Naga Shaurya)'s fascination is fights and disputes. He is always involved in one or the other fight just for the sake of it. In an interesting scenario, Hari is sent to a village ...                See full summary »",145,6.4,796,499789,Chalo,Telugu
46,Goodachari,2018.0,UA,"Action, Thriller            ","    A young NSA agent is framed for the murder of his bosses making him realize that now his mission is darker than expected and has some personal scores to settle regarding his father's death, a former NSA agent.",147,7.8,7120,540189,Goodachari,Telugu
633,Pantham,2018.0,UA,Action            ,    Vikranth is a vigilante who has targeted 'Nayak Bhai' and his money. Who is Vikranth and what is his beef with Nayak forms the crux of the story.,122,6.4,304,534343,Pantham,Telugu
752,Veera Bhoga Vasantha Rayalu,2018.0,UA,"Crime, Thriller            ","    A cop is pursuing a dangerous man who is behind the disappearance of a flight with innocent passengers, and orphan girls. Will he be nabbed?",132,6.7,224,557252,Veera Bhoga Vasantha Rayalu,Telugu
413,Chal Mohan Ranga,2018.0,U,Romance            ,"    Mohan Ranga falls in love with Megha Subramanyam, an NRI residing in the United States. Before she can reciprocate his love, circumstances make them fall apart. But destiny has other plans.",148,5.8,667,508887,Chal Mohan Ranga,Telugu
68,Naa Peru Surya Na Illu India,2018.0,UA,"Action, Drama            ","    A short tempered soldier aspiring to serve at the borders is tasked with getting clearance signature from his estranged father, a professor, who in turn challenges him to give up anger.",163,6.8,5102,500494,Naa Peru Surya - Naa Illu India,Telugu
1309,Rachayitha,2018.0,,Romance            ,"    Aditya Varma's love for Padmavati makes him want to give her a new life as she is desolated but she starts to behave in a strange manner. What happens next, forms the crux.",122,7.2,56,572679,Rachayitha,Telugu
383,Gayatri,2018.0,UA,"Drama, Family            ","    Sivaji, a stage artist, finds whereabouts of his daughter who disappeared two decades ago and finds out that the kidnapper, Gayatri Patel, is an exact lookalike of him.",125,6.5,746,502703,Gayatri,Telugu
52,Aravindha Sametha Veera Raghava,2018.0,UA,"Action, Drama            ",    A young scion of a powerful family with a long history of violence decides to put an end to the bloodshed which leads him to a path of self discovery.,162,7.7,6371,534530,Aravinda Sametha Veera Raghava,Telugu
1269,Bhale Manchi Chowka Beram,2018.0,UA,"Comedy, Drama, Thriller            ",    Two friends try to sell country's secrets to terrorists and face some dramatic consequences.,134,6.4,60,553724,Bhale Manchi Chowka Beram,Telugu
702,Mehbooba,2018.0,UA,"Action, Drama, Romance            ",    Mehbooba movie is a romantic love story in the backdrop of 1971 Indo-Pak war.,152,5.7,253,523762,Mehbooba,Telugu
367,Padi Padi Leche Manasu,2018.0,U,"Drama, Romance            ","    Set in Kolkata, the romantic drama chronicles the shared destiny of a young couple as they navigate through the highs and lows of a budding relationship.",158,6.4,778,566139,Padi Padi Leche Manasu,Telugu
340,Amar Akbar Anthony,2018.0,,Action            ,    A man suffering from Dissociative Identity Disorder has to take revenge against four businessmen for the murder of his family while his past confronts him in the form of his childhood love.,153,4.3,868,535169,Amar Akbar Anthony,Telugu
510,Needi Naadi Oke Katha,2018.0,U,Drama            ,"    A middle-class youth raises his voice against the traditional, standardized system of education that does not take into account each student's skill and nor make them think.",121,7.8,462,513727,Needi Naadi Oke Katha,Telugu
627,Saakshyam,2018.0,UA,Action            ,    A group of people commit unspeakable crimes and are confident of getting away with it since there are no witnesses. But nature is witness to their crimes and when all five elements of ...                See full summary »,166,4.9,312,505908,Saakshyam,Telugu
31,Mahanati,2018.0,U,"Biography, Drama            ","    Biography of Savitri, an actress from South India movie industry, who ruled the industry for two decades during 50s and 60s.",177,8.5,8732,459713,Mahanati,Telugu
294,Chi La Sow,2018.0,U,"Comedy, Romance            ","    While Arjun doesn't want to get married, his parents set up a blind date for him at his place. The story revolves around Arjun, how he falls for the girl he's about to meet, why and how he changed his decision to get married.",135,7.8,1054,540215,Chi La Sow,Telugu
594,Kavacham,2018.0,UA,"Action, Thriller            ",    A police officer from Vizag finds himself in a rut when false allegations are levied against him. He has 24 hours now to prove his innocence.,141,5.5,335,565277,Kavacham,Telugu
30,Geetha Govindam,2018.0,UA,"Drama, Romance            ",    An innocent young lecturer is misunderstood as a pervert and despised by a woman who co-incidentally turns out to be the younger sister of his brother-in-law. Eventually differences subside and love blooms between them.,142,7.7,8846,540468,Geetha Govindam,Telugu
812,Vijetha,2018.0,U,Drama            ,    Srinivasa Rao (Murli Sharma) does his best to give his children everything they seek and fulfil even the smallest of their desires. His son Ram (Kalyaan Dhev) grows up oblivious to all the ...                See full summary »,141,6.8,182,535397,Vijetha,Telugu
824,W/o Ram,2018.0,UA,Thriller            ,"    Deeksha, wife of Ram takes it in her own hands to find her husband's murderer when police refused to help her.",122,6.0,171,536771,W/O Ram,Telugu
303,Antariksham 9000 kmph,2018.0,U,"Adventure, Drama, Sci-Fi            ","    When a satellite stops communicating, the Indian Space Agency need to bring an engineer out of retirement to help them fix the situation.",140,6.0,994,566486,Antariksham 9000 KMPH,Telugu
809,@ Nartanasala,2018.0,Not Rated,Drama            ,"    Naga Shourya is a young man who always wants women to be independent in life. In this process, he solves a girl called Manasa's problems and falls in love during the course of time. Just ...                See full summary »",139,3.7,185,549541,Nartanasala,Telugu
619,Officer,2018.0,UA,"Action, Crime            ","    An honest officer fights to bring down a corrupt and dangerous cop, and attempts to bring down the entire Mumbai mafia with him.",122,3.4,318,527862,Officer,Telugu
796,MLA,2018.0,UA,"Action, Drama            ",    An intelligent youngster is faced with a situation to win in the state legislative assembly elections in order to win the approval of his father-in-law.,130,5.2,194,507839,Manchi Lakshanalunna Abbayi,Telugu
96,C/o Kancharapalem,2018.0,UA,Drama            ,    Four unconventional love stories set in the town and including the people of Kancherapalem.,152,9.0,3699,544795,C/o Kancharapalem,Telugu
54,Jersey,2019.0,U,"Drama, Sport            ",    A failed cricketer decides to revive his cricketing career in his late 30's despite everyone being skeptical of his ability to do so.,157,8.6,6039,592898,Jersey,Telugu
1326,Beach Road Chetan,2019.0,A,"Action, Drama, Sci-Fi            ","    When a happy-go-lucky kind of a guy chances upon a mysterious iPhone, his life turns topsy-turvy to unexpected consequences.",137,7.9,55,685779,Beach Road Chetan,Telugu
1327,Undiporaadhey,2019.0,,Romance            ,    This is a periodical love story based on real-life true events happened during the 1980s. The film revolves around a girl and a boy who meet at college admissions after that their love ...                See full summary »,0,7.2,55,784584,Undiporaadhey,Telugu
55,Sye Raa Narasimha Reddy,2019.0,UA,"Action, Adventure, Drama            ","    A historical action epic inspired by the life of Uyyalawada Narasimha Reddy, who revolted against the atrocities of East India Company 10 years before the Sepoy Mutiny.",167,7.5,5848,496495,Sye Raa Narasimha Reddy,Telugu
1128,Mithai,2019.0,Not Rated,"Crime, Drama, Romance            ",    The Dude abides but he must help two losers find the thief in a twisted plot of love and fate.,140,4.4,79,553735,Mithai,Telugu
1071,Kobbari Matta,2019.0,,Comedy            ,    Kobbarimatta is a Comedy Spoof Telugu Film. Pedharayudu (Sampoornesh) is a village headman. He got misunderstandings with his Son Androidu and other family members. How they solved those problems and united is rest of the story.,110,5.8,89,622602,Kobbari Matta,Telugu
1214,Vinara sodara veera kumara,2019.0,UA,"Drama, Romance            ",    Vinara Sodara Veera Kumara is an unusual story of love and realization. Ramana (Srinivas Sai) falls in love with Sulochana (Priyanka Jain) but their relationship fails to materialize due to...                See full summary »,0,7.6,67,592746,Vinara Sodara Veera Kumara,Telugu
64,Maharshi,2019.0,UA,"Action, Drama            ","    Rishi, a millionaire businessman, returns to his homeland, where he becomes the champion of poor and downtrodden farmers.",176,7.3,5197,541487,Maharshi,Telugu
146,Vinaya Vidheya Rama,2019.0,UA,Action            ,"    When the happiness of his family is held to ransom by a violent crime lord, Ram sets out on a quest to destroy his nemesis and his criminal empire.",146,3.3,2435,566402,Vinaya Vidheya Rama,Telugu
1145,Raagala 24 Gantallo,2019.0,UA,Thriller            ,    A happy wife is accused of her husband's suspicious death.,134,5.7,78,666904,Ragala 24 Gantallo,Telugu
72,Agent Sai Srinivasa Athreya,2019.0,UA,"Action, Comedy, Crime            ",    Agent Sai Srinivasa Athreya is an authentic humorous investigative thriller revolving around the adventures of a detective based out of Nellore.,148,8.5,4985,610482,Agent Sai Srinivasa Athreya,Telugu
79,Dear Comrade,2019.0,UA,"Action, Drama, Romance            ",    A hot-blooded student union leader falls for a state-level cricketer but his anger management issues and violent streak threatens to derail their love story.,169,7.3,4575,563604,Dear Comrade,Telugu
1149,Thipparaa Meesam,2019.0,UA,Romance            ,"    An extremely talented DJ working in a local night pub, who is also a spoiled brat, gets involved in an adventure where he must fight against all odds to survive.",152,6.4,77,646330,Thipparaa Meesam,Telugu
117,Evaru,2019.0,UA,"Crime, Drama, Thriller            ",    Sub-inspector Vikram Vasudev is entrusted with the task of investigating the murder of a high ranking officer who was killed by his alleged rape victim. When he delves deeper into the case he uncovers some surprising facts.,118,8.2,3115,607310,Evaru,Telugu
1231,Aaviri,2019.0,UA,"Drama, Thriller            ","    After losing their first child in an accident, a couple moves to a palatial home, where their young daughter comes under the spell of an eerie spirit.",0,4.5,65,659381,Aaviri,Telugu
137,Majili,2019.0,UA,"Drama, Romance            ",    A former cricket player nursing his wounds of a failed relationship takes up the task of training his ex-lover's daughter and in the process discovers his feelings towards his wife and her unrequited love for him.,154,7.2,2579,571610,Majili,Telugu
1315,RDX Love,2019.0,A,Drama            ,    RDX Love talks about Alivelu (Payal) who takes charge of a village and solves their issues against all odds.,145,3.2,56,624401,RDX Love,Telugu
13,Saaho,2019.0,UA,"Action, Thriller            ","    An undercover cop becomes embroiled in a battle with warring criminals who want to acquire a ""black box,"" their ultimate key to a treasure.",170,5.2,14430,454292,Saaho,Telugu
1343,Burra katha,2019.0,U/A,"Comedy, Romance            ",    Abhi and Ram are two personalities in the same body whose lives get complicated when Abhi falls in love with Happy.,150,5.1,54,611403,Burra Katha,Telugu
1222,Jodi,2019.0,,Romance            ,    Kapil (Aadi Saikumar) falls for Kanchana Mala (Shraddha Srinath) because of her ideals. But what happens when Kapil's father's (Naresh) ideals cause issues for them?,130,6.2,66,628577,Jodi,Telugu
1193,Kathanam,2019.0,UA,"Mystery, Thriller            ",    Anu (Anasuya Kasaba) an aspiring director develops a script on a producer's request. Twist in the tale arises when the murders scripted in the story start happening in real life. The parallel story is crux of Kathanam.,117,3.9,70,621068,Kathanam,Telugu
1316,Rajdooth,2019.0,,Drama            ,"    A 25-year-old rouge's quest for an old Rajdooth bike. He, along with his friend backtrack the lost bike from Pochampally to Khammam to various other places in Andhra Pradesh and in the ...                See full summary »",130,6.7,56,614844,Rajdooth,Telugu
545,Seetha,2019.0,UA,Romance            ,"    A four-year-old Ram is left in a monastery by a person named Anand Mohan and is promised that Sita will come to take care of him. Ram is innocent and cute. He makes Ram promise that he too,...                See full summary »",161,4.7,405,639106,Rama Chakkani Seetha,Telugu
316,NTR Mahanayakudu,2019.0,U,"Biography, Drama            ",    A follow up to NTR: Kathanayakudu which was based on N.T. Rama Rao's life and acting career. This movie will focus on his political career.,128,5.4,946,676542,N.T.R: Mahanayakudu,Telugu
794,2 Hours Love,2019.0,UA,Romance            ,    Story of a couple in a contractual relationship where they meet only for 2 hours a day and behave like strangers during other times.,150,6.7,197,631934,2 Hours Love,Telugu
337,Rakshasudu,2019.0,UA,"Action, Crime, Thriller            ",    A sub-inspector sets out in pursuit of a mysterious serial killer who targets teen girls and murders them brutally.,122,8.2,875,606224,Rakshasudu,Telugu
779,Software Sudheer,2019.0,UA,Drama            ,"    Chandu and Swathi are Software engineers. Chandu is an average guy who never misses an opportunity to impress Swathi. Once Swathi recognizes Chandu's honesty and innocence, the affair ...                See full summary »",125,6.0,205,660671,Software Sudheer,Telugu
768,Ruler,2019.0,,"Action, Drama            ","    Bhumika and Vedhika are trying hard to remind Balayya of his past. In the process, they take him to the villain's residence and asks to fight with him. Now, time for yet another fight",130,3.6,214,657170,Ruler,Telugu
476,Prati Roju Pandaage,2019.0,U,"Drama, Family            ","    With only a few weeks left to live, an aging grandfather is visited by his grandson who wishes to fulfill his desires.",146,6.2,515,617646,Prati Roju Pandaage,Telugu
471,Falaknuma Das,2019.0,A,"Action, Thriller            ","    Set in the backdrop of the colonies of falaknuma where a group of youngsters fall into unexpected consequences which lead them to a driving pathway of violence, brutality and ruthlessness.",145,6.3,523,590162,Falaknuma Das,Telugu
764,Guna 369,2019.0,UA,"Action, Drama            ",    Guna (Karthikeya) is a happy-go-lucky guy who believes the solution to solving issues is not through violence but through compromise. But what happens when he's forced to the extremes by someone close to him?,146,6.3,216,319832,Guna 369,Telugu
174,Brochevarevarura,2019.0,U,Comedy            ,"    This is the story of 'R3 batch' consisting of Rocky, Rambo and Rahul, three friends who keep failing every year and are stuck with studying inter.",138,8.0,2053,611754,Brochevarevarura,Telugu
756,Heza,2019.0,UA,Drama            ,    A musician and his wife are haunted by an evil eye hex witch who tries to find her source for mortal life through them. The protagonist slums into unrest to escape from the demonic witch's grave peal.,111,7.4,220,682612,Heza,Telugu
464,Lakshmi's NTR,2019.0,U,Drama            ,"    The life of iconic politician Nandamuri Taraka Ramarao (NTR) after meeting Lakshmi Parvathi, his second wife.",152,6.9,537,590753,Lakshmi's NTR,Telugu
639,Jessie,2019.0,A,"Horror, Thriller            ","    Set in an abandoned house, the film follows a team of professional ghost hunters trying to conduct a paranormal investigation to unveil the mystery of two sisters, Jessie and Amy, where Amy shows unusual mental and physical behaviour.",106,7.0,300,588708,Jessie,Telugu
379,Gaddalakonda Ganesh,2019.0,UA,"Action, Thriller            ","    An aspiring filmmaker who wants to direct a realistic story, stumbles upon a menacing villain and to learn the nitty-gritties of the villain's character, he puts his and his friend's life on the line.",130,6.6,752,611054,Gaddalakonda Ganesh,Telugu
574,Ranarangam,2019.0,UA,"Action, Drama            ",    Deva (Sharwanand) is a powerful gangster from Visakhapatnam who moves to Spain to put his past behind him. But what happens when he realises he can't shake off his enemies no matter where he goes?,138,5.9,368,612005,Ranarangam,Telugu
713,Nenu Lenu,2019.0,UA,Drama            ,"    Nenu Lenu is the story of Eeshwar (Harshit), an orphan who falls for Parvati's (Sri Padma) honesty in the first sight and convinces her to marry him after much effort. In time, a gang of ...                See full summary »",118,7.3,244,623189,Nenu Lenu,Telugu
584,Raju Gari Gadhi 3,2019.0,UA,"Comedy, Horror, Thriller            ","    An unknown spirit guards Maya against any possible threats from eve-teasers and Don Juans. But what happens when true love flourishes between Maya and Ashwin Babu, and the spirit isn't all too happy about it?",122,6.7,353,640559,Raju Gari Gadhi 3,Telugu
698,Marshal,2019.0,,Action            ,"    Marshal is a medical crime thriller movie directed by Jai Raaja Singh and produced by Abhay Adaka. The movie cast includes Srikanth, Abhay, Megha Chowdhury and Rashmi are in the lead roles. Yaadagiri Varikuppala scored music.",143,6.9,257,693462,Marshal,Telugu
690,Evvarikee Cheppoddu,2019.0,U,Drama            ,"    Hari and Harathi are in love, but Harathi's father won't agree to their relationship because of their caste differences.",133,7.3,261,637917,Evvarikee Cheppoddu,Telugu
678,Hawaa,2019.0,UA,Crime            ,"    A Gripping Nightmarish Journey in Broad Daylight which revolves around 9 BRAINS, 9 CRIMES in 9 HOURS..!.",110,7.0,269,629006,Hawaa,Telugu
405,Mr. Majnu,2019.0,UA,Romance            ,    A charming playboy who has never had a serious relationship finds himself in a spot of bother when he finally meets the right girl. Will they end up together? Or will his fear of commitment affect their relationship?,145,6.1,692,566143,Mr. Majnu,Telugu
442,118,2019.0,UA,"Action, Thriller            ",    A recurring nightmare involving the murder of a young woman prompts an investigative journalist on a quest to find out whether there is any truth to the dream.,120,6.6,586,585564,118,Telugu
417,Mallesham,2019.0,,Biography            ,"    The life of Padma Shri winner Chintakindi Mallesham, who invented the the Asu machine that processes yarn for sarees mechanically, is being recreated in this biopic.",131,8.5,652,610505,Mallesham,Telugu
640,Ninu Veedani Needanu Nene,2019.0,U/A,Comedy            ,    Ninu Veedani Needanu Nene is about a young man who gets mired in a dire situation and comes out successfully.,123,5.9,300,609118,Ninu Veedani Needanu Nene,Telugu
381,Venky Mama,2019.0,UA,"Action, Comedy, Drama            ",    A story of nephew and a son which revolves around their emotions and village drama and army based story.,149,5.5,748,613853,Venky Mama,Telugu
485,George Reddy,2019.0,U,Action            ,"    George Reddy is a biopic based on the life of a student leader, boxer and Gold medalist, who influenced the politics of Andhra Pradesh state in Osmania University between 1967 and 1972. He ...                See full summary »",153,7.2,500,649956,George Reddy,Telugu
637,Chanakya,2019.0,UA,"Action, Thriller            ",    Arjun aka Ramakrishna is a RAW marshall from Delhi who has a 100% success rate at nabbing terrorists. What happens when he makes enemies out of India's most wanted Ibrahim Qureshi and his son Sohail?,147,5.5,302,607885,Chanakya,Telugu
865,Ninnu Thalachi,2019.0,U,"Comedy, Romance            ","    Abhiram (Vamsi Yakasiri) is a happy-go-lucky guy, who falls in love at first sight with a girl named Ankitha tries very hard to explain his feeling to her. On the other hand, she loves ...                See full summary »",138,7.4,152,640550,Ninnu Thalachi,Telugu
1015,1st Rank Raju,2019.0,,"Comedy, Drama, Romance            ","    Raju is an engineering student who is obsessed with academics and very little else. When he is eventually forced to face the real world that lies beyond books, Raju stumbles on to a long ...                See full summary »",0,5.3,100,610266,1st Rank Raju,Telugu
177,Gang Leader,2019.0,UA,"Action, Comedy            ","    Nani plays the gang leader of five women belonging to different age groups, helping them to plot revenge.",155,7.6,2027,612402,Nani's Gang Leader,Telugu
989,Tenali Ramakrishna BA.BL,2019.0,UA,"Action, Comedy, Drama            ",    Tenali Ramakrishna (Sundeep Kishan) is a small-time lawyer who makes his living via compromises between warring parties. He is looking for a big case that could turn his life.,128,5.0,106,622478,Tenali Ramakrishna BA.BL,Telugu
982,ABCD: American-Born Confused Desi,2019.0,U,Comedy            ,    Aravind aka Avi (Allu Sirish) and his cousin Bala Shanmugam aka Basha (Master Bharat) are NRIs who love to live their life king size. What happens when the former's father (Naga Babu) decides to teach them a lesson in responsibility?,145,5.4,108,587711,ABCD: American-Born Confused Desi,Telugu
970,Rama Chakkani Seetha,2019.0,,"Drama, Romance            ","    Rama Chakkani Seetha tells the story of Balu and Anu, and how they fall for each other.",126,6.1,111,639106,Rama Chakkani Seetha,Telugu
964,Iddari Lokam Okate,2019.0,UA,"Drama, Romance            ","    A series of coincidences brings two star-crossed lovers together, but fate pulls them apart until they encounter each other again in Hyderabad.",126,5.6,112,657777,Iddari Lokam Okate,Telugu
856,Operation Gold Fish,2019.0,UA,"Action, Thriller            ",    A group of commandos set out on a mission to find and eliminate a mysterious terrorist mastermind called Gold Fish in the Kashmir valley.,127,4.4,155,624597,Operation Gold Fish,Telugu
188,F2: Fun and Frustration,2019.0,UA,Comedy            ,"    After Venky, Varun also gets married thinking he can keep the wife in control but both of them get frustrated with the marital life which generates fun.",148,6.2,1878,566914,F2: Fun and Frustration,Telugu
518,Raja Vaaru Rani Gaaru,2019.0,UA,Romance            ,"    Raja Vaaru Rani Gaaru is the story of Raju who falls in love with Rani but is unable to express his emotions. Set in a beautiful village, watch as Raju and two of his friends deal with the toils and troubles of romance.",133,7.6,443,617690,Raja Vaaru Rani Gaaru,Telugu
956,Dorasani,2019.0,U/A,"Drama, Romance            ",    Dorasani explores the periodic tale of love between a rich lady Devaki and a poor boy Raju.,130,5.9,115,611284,Dorasaani,Telugu
951,Hippi,2019.0,A,"Action, Comedy, Romance            ",    Hippi is about the live-in relationship between an energetic youngster and a confident girl.,143,5.0,116,607100,Hippi,Telugu
211,Oh Baby...,2019.0,U,"Comedy, Drama, Fantasy            ","    A seventy-year-old woman, Savitri aka 'Baby' gets a second chance to relive her youth when gets transported into the body of a 20-year-old girl and embarks on an exuberant journey of rediscovering herself.",161,7.4,1601,607091,Oh! Baby,Telugu
937,Voter,2019.0,,Romance            ,"    Gautam is an NRI who returns to India to cast his vote. When challenged by the woman he loves, Bhavana , to make a politician fulfill his campaign promises if he wants to win her over, Gautam sets off on a path to change the system.",0,7.4,121,610023,Voter,Telugu
931,Kousalya Krishnamurthy,2019.0,U,"Drama, Sport            ","    Kousalya Murugesan, the daughter of Murugesan, a farmer, aspires to become an international cricketer so that she can put a smile on her cricket-loving father's face by helping the country win.",149,7.4,123,605245,Kousalya Krishnamurthy,Telugu
929,Suryakantham,2019.0,U,"Comedy, Romance            ",    Suryakantam is the story of an eccentric girl who turns everyone's worlds upside down.,139,5.4,123,586753,Suryakantham,Telugu
233,Chitralahari,2019.0,U,Drama            ,"    Down on luck and depressed by constant failures in personal and professional life, Vijay is desperately in search of that single stroke of fortune that could turn his life around. But what if the power to rewrite his destiny lies within?",131,7.2,1481,590012,Chitralahari,Telugu
911,Kamma Rajyam Lo Kadapa Reddlu,2019.0,UA,"Drama, Thriller            ","    Andhra Pradesh faces turmoil as elections roll around the corner,various political leaders fight against each other and vie for the CM seat.",153,3.7,130,656229,Amma Rajyam Lo Kadapa Biddalu,Telugu
239,iSmart Shankar,2019.0,A,"Action, Sci-Fi            ","    iSmart Shankar, starring Ram Pothineni and directed by Puri Jagannadh revolves around a hero who has another man's memory transferred into his head.",140,5.5,1428,609108,iSmart Shankar,Telugu
494,Manmadhudu 2,2019.0,UA,"Comedy, Drama, Romance            ","    Under pressure to marry, a perennial bachelor hires a much younger woman to act as his fiancée, but her bond with his family throws his plan for a loop.",155,4.8,489,606714,Manmadhudu 2,Telugu
200,NTR: Kathanayakudu,2019.0,U,"Biography, Drama            ","    Based on the journey of the legendary Telugu actor, filmmaker and ex-Chief Minister Late Taraka Rama Rao Nandamuri.",169,5.7,1769,568522,N.T.R: Kathanayakudu,Telugu
181,Mathu Vadalara,2019.0,UA,"Comedy, Crime, Thriller            ","    Simha is a courier delivery boy who gets peanuts as salary despite putting in a lot of hard work. As Babu gets frustrated with his job, his friend and roommate Satya shows him how to get '...                See full summary »",130,8.3,1935,657853,Mathu Vadalara,Telugu
1383,Screenplay of an Indian Love Story,2020.0,A,Drama            ,"    An immensely successful film director is getting ready for his latest release when he gets the shock of his life - his wife wants a divorce. He places a condition before her, that the two ...                See full summary »",129,8.9,50,801153,Screenplay of an Indian Love Story,Telugu
1342,Choosi Choodangaane,2020.0,UA,Romance            ,"    The film portrays Siddu's life through the years, falling in love with Aishwarya for the first time while in college, and later meeting Shruti, a drummer, alongside his struggle to become a fashion photographer.",113,7.1,54,669145,Choosi Choodangaane,Telugu
448,Aswathama,2020.0,UA,"Action, Thriller            ",    A man works to uncover the details behind a series of crimes targeting women.,133,6.4,579,658113,Aswathama,Telugu
450,Jaanu,2020.0,UA,"Drama, Romance            ","    Decades post-high school, Ram and Jaanu meet at their school's reunion and explore their past thoughts consisting of affection, care, depth and grieve all over the period of one evening.",151,7.0,574,669146,Jaanu,Telugu
528,Madha,2020.0,UA,"Mystery, Thriller            ","    MADHA is a Sanskrit term which means ""insanity personified"". MADHA is a female-centered psychological thriller that revolves around a small-time proofreader Nisha.",113,5.3,426,681433,Madha,Telugu
1052,Bhanumathi & Ramakrishna,2020.0,,"Comedy, Drama, Romance            ",    Bhanumathi Ramakrishna is a romantic comedy which gives a glimpse into the lives of the two characters - Bhanumathi (played by Salony) and Ramakrishna (played by Naveen). Ramakrishna ...                See full summary »,93,7.5,92,721109,Bhanumathi & Ramakrishna,Telugu
362,Disco Raja,2020.0,UA,"Action, Sci-Fi            ","    Attacked and frozen to death, a dead man is revived by a group of doctors with the help of a technology that brings back dead people alive.",141,6.4,792,535172,Disco Raja,Telugu
56,Ala Vaikunthapurramuloo,2020.0,UA,"Action, Drama            ",    A jealous clerk secretly switches his newborn son with his millionaire friend's temporarily stillborn son.,163,7.2,5732,628241,Ala Vaikunthapurramuloo,Telugu
1293,Prema Pipasi,2020.0,A,Romance            ,    A man goes down a destructive path in his pursuit of true love to the extent of harassing the very woman that he claims to love.,142,8.2,58,800797,Prema Pipasi,Telugu
712,Oka Chinna Viramam,2020.0,U,Thriller            ,"    Deepak is a businessman immensely in love with his pregnant wife Sameera . But when his idea of raising profits for his business puts her in trouble, he teams up with Balu (Naveen Neni) and Maya to save her.",95,7.3,244,677089,Oka Chinna Viramam,Telugu
1263,Raahu,2020.0,A,Thriller            ,"    Bhanu suffers from 'conversion disorder a.k.a hysterical blindness' where she goes temporarily blind under severe stress, in her case triggered upon seeing blood, must fight her enemy who inflicts more bloodshed than she ever imagined.",123,6.6,61,679053,Raahu,Telugu
722,Palasa 1978,2020.0,A,"Action, Drama            ","    Mohan Rao and his elder brother face Pedda Shavukar and Chinna Shavukar, a political battle where low caste fights the high caste power.",144,7.6,240,680986,Palasa 1978,Telugu
363,Krishna and His Leela,2020.0,,"Comedy, Romance            ","    Torn between his past and present girlfriends, a confused bachelor's indecisiveness spins a web of lies and cheating as he struggles to commit.",125,5.3,792,718745,Krishna and His Leela,Telugu
81,Sarileru Neekevvaru,2020.0,UA,"Action, Comedy, Drama            ",    A tough army major is deployed to Kurnool on a mission to keep the country safe from external threats.,169,6.1,4367,607313,Sarileru Neekevvaru,Telugu
767,Entha Manchivaadavuraa,2020.0,U,"Action, Drama            ","    Balu loses both of his parents in his childhood and he grows up as an orphan. Because of this, he starts an organization named ""All Is Well"" to supply emotions to the needy.",152,5.5,215,633146,Entha Manchivaadavuraa,Telugu
849,Pressure Cooker,2020.0,UA,"Comedy, Drama, Family            ","    This is a new age family drama entertainer. The story is about a young graduate under pressure from his father who expects him to go and ""settle"" in USA to be seen as successful. #pressurecookermovie",135,6.5,159,677096,Pressure Cooker,Telugu
241,Bheeshma,2020.0,UA,"Action, Comedy, Romance            ","    The film revolves around Bheeshma, a man making his living as a meme creator, who wants to remain single forever. But will he be able to?",150,6.6,1419,674779,Bheeshma,Telugu
1021,Amrutha Ramam,2020.0,,Drama            ,"    Amrutha Ramam is a heartfelt love story based on a series of true experiences. The film depicts the lives of Amrutha and Ram, and how together they find the meaning of selfless love.",0,8.0,99,698337,Amrutha Ramam,Telugu
1033,Valayam,2020.0,UA,Mystery            ,"    When his wife goes missing, Arvind must solve the mystery of her disappearance before time runs out and he becomes the prime suspect.",140,7.0,95,687355,Valayam,Telugu
1085,Savaari,2020.0,UA,Romance            ,"    Raju who rents his Badshah for weddings, meets Baagi who has been in quench of real love after her step-parents try to get her married against her wish. How did she escape that marriage is the crux of the story.",153,6.7,87,670450,Savaari,Telugu
667,O Pitta Katha,2020.0,U,"Drama, Thriller            ",    Two men fall deeply in love with the same woman but when she suddenly gets kidnapped they get involved in the case to rescue her.,128,6.9,278,681657,O Pitta Katha,Telugu
246,World Famous Lover,2020.0,UA,Romance            ,"    An amalgamation of four different love stories: Seenayya and Suvarna, a middle-class couple in a small town; Gautham, a youngster romancing in Paris with Iza, Union Leader Srinu in love with his boss lady, and a first college romance.",154,4.6,1342,659674,World Famous Lover,Telugu
